"Subject","Day","Rep","Treat","Control_batch","Glucose","Galactose","Fructose","Xylose","Arabinose","Fucose","Rhamnose","GlcA","GalA","GlcNAc","GalNAc","Mannose","Allose","Ribose"
"Sub1","d0","A","Ctl-S",1,0.144931253611939,0.036343397283504,0,0.0140808367731434,0.0175855872524401,0.00748311866363355,0.0096625698784068,0.0034287367568579,0,0,0.00220372047801356,0.016452626443417,0,0.0693365834187225
"Sub1","d0","B","Ctl-S",1,0.166887939329803,0.0417630336161363,0,0.0152306562283924,0.0198132038288317,0.00753821339593775,0.00884922732361605,0,0,0.00052554125290585,0.00082011444909582,0.0109551500295734,0,0.0683304045587825
"Sub1","d0","C","Ctl-S",1,0.158446879822167,0.0435466437787201,0,0.0136033564056584,0.0165865669637737,0.0066405527262797,0.00938134169049215,0.00193141195359796,0,0.00096265407928577,0,0.0186918226983716,0,0.0773783224505275
"Sub1","d1","A","Ctl-S",1,0.0405542548540507,0.0212771419422615,0,0.0086147424955549,0.0105825951870222,0.0064652618230507,0.0120343319635799,0,0,0,0,0.0111737028211085,0,0.0182413488290144
"Sub1","d1","B","Ctl-S",1,0.0403878153627421,0.0170836020993508,0,0.00998595369204235,0.00996022303915765,0.0068645155657342,0.0112371129095937,0,0,0.0005470893052135,0,0.009238419629442,0,0.0169587065719254
"Sub1","d1","C","Ctl-S",1,0.0402259771355308,0.0167146117898278,0,0.0084095491072748,0.0093573442823336,0.0056436878454689,0.0113613379469626,0.0020433412478469,0,0,0,0.00932457964580995,0,0.0154644118360818
"Sub1","d2","A","Ctl-S",1,0.0440362555098662,0.0205484408479073,0,0.00879658611386245,0.0111460145417082,0.0072470087903178,0.0128072086496867,0.00204752233852371,0,0,0.00052672533887258,0.0129963906861203,0,0.0195887410754184
"Sub1","d2","B","Ctl-S",1,0.0405506503492804,0.020406763555688,0,0.0076520159734137,0.0126230645408388,0.00765030511216605,0.0118242932692575,0,0,0,0,0.0121408562822423,0,0.017719755865261
"Sub1","d2","C","Ctl-S",1,0.042886851732093,0.0198545002147009,0,0.0077604503645704,0.0097641990652284,0.0071721841057263,0.0140359519303798,0.00183343233810368,0,0,0,0.0100734246782574,0,0.0186068394216887
"Sub1","d3","A","Ctl-S",1,0.0377197638697871,0.017216630634294,0,0.00914523505763095,0.00927617108372205,0.00513736850467405,0.0116107234213748,0.000428857759102936,0,0.000707925147915775,0,0.0118084799021525,0,0.0172180502129798
"Sub1","d3","B","Ctl-S",1,0.050278682364773,0.0099596910237516,0,0.0107610120206267,0.0136262618383056,0.00658716269980805,0.0117242575774189,0,0,0,0,0.0088216795927936,0,0.0184943457014882
"Sub1","d3","C","Ctl-S",1,0.0412163939322773,0.0194866824588313,0,0.0100587903642909,0.0101006374870713,0.00847266150720725,0.0100140976731806,0.0017581355184896,0,0.000586010964684415,0,0.00428165097808238,0,0.0143700596199786
"Sub2","d0","A","Ctl-S",1,0.0354723852785866,0.0318375064481364,0,0.00473771264680457,0.0056091288213795,0.00485791170907178,0.0117090703118074,0,0,0.00135786597249215,0,0.0131675518745348,0,0.082602458966532
"Sub2","d0","B","Ctl-S",1,0.0409861946657356,0.0301709962670329,0,0.00549176286555155,0.00636488647707085,0.00509711479673115,0.00973785392844955,0,0,0.000419941420520978,0,0.0106577929823498,0,0.072609837077537
"Sub2","d0","C","Ctl-S",1,0.0336427488538022,0.025670877930958,0,0.00385375308392947,0.00429806004765467,0.00411597944256241,0.0139078220646027,0,0,0,0,0.0119512726424064,0,0.0791072070654455
"Sub2","d1","A","Ctl-S",1,0.0289288830039144,0.0197299054451405,0,0.00199891087734578,0.00213314138765081,0.0032195869830752,0.015348189819064,0,0,0,0,0.0059282014697937,0,0.0182222198489855
"Sub2","d1","B","Ctl-S",1,0.0302765375230016,0.0168796961601569,0,0.00315405100735232,0.00287654529938861,0.00364868493467373,0.0167852132841808,0.00116503660740371,0,0.000519180464566035,0,0.00816788904682285,0,0.0137854781821133
"Sub2","d1","C","Ctl-S",1,0.0295498639356899,0.0210979172252891,0,0.0022757024584179,0.00228181595676614,0.00422924665270536,0.0160162311626131,0,0,0.000540870906394865,0,0.00810695348891905,0,0.0119063438099618
"Sub2","d2","A","Ctl-S",1,0.0338882073741455,0.0252612905664533,0,0.00169686912734357,0.00242446182370512,0.00376925399248681,0.0259449585159541,0.00345159723146996,0,0,0,0.0157718787097688,0,0.0201603622318275
"Sub2","d2","B","Ctl-S",1,0.0172777313728337,0.0137828565497747,0,0.00147282765678087,0.00190002914752429,0.00254205446095406,0.0175629431653235,0,0,0,0,0.00291447457196541,0,0.0164369270975077
"Sub2","d2","C","Ctl-S",1,0.0262490977390108,0.0223907112729331,0,0.00425025496310528,0.00379732965339943,0.00400048225956492,0.0168414503110997,0.00139464420707906,0,0,0,0.00790087619781465,0,0.0135181080875226
"Sub2","d3","A","Ctl-S",1,0.0480225787754891,0.0537821251236935,0,0.00373283633677815,0.00375198556265566,0.0095150860202333,0.0538596827692715,0.00806167826384215,0,0.00106920459124887,0.00193577028792757,0.0212593606492879,0,0.00591920006423475
"Sub2","d3","B","Ctl-S",1,0.0400048429525905,0.0332404287903481,0,0.00150603301017091,0.00256987810110048,0.006128332313747,0.0318442991603623,0,0,0,0,0.0136348991101715,0,0.00439757267260755
"Sub2","d3","C","Ctl-S",1,0.0290305785794918,0.026210809644473,0,0.00484347948398101,0.00208267133833733,0.00315792166110537,0.017344982231893,0.000585910261967545,0,0,0,0.00787894004628995,0,0.010498402425927
"Sub3","d0","A","Ctl-S",1,0.0497851532496554,0.036960099391575,0,0.00601239568262205,0.00951423900974225,0.0062528611085721,0.009263302668281,0.00206002374045648,0,0.00117475964226364,0,0.0179567324741781,0,0.0509814516400505
"Sub3","d0","B","Ctl-S",1,0.0470590241861467,0.0314702894071454,0,0.0053592527694639,0.00866640980797705,0.00529999310548785,0.00986233109133535,0,0,0,0.00083044922020239,0.0202893454212829,0,0.0485355535160668
"Sub3","d0","C","Ctl-S",1,0.0415025170419249,0.02791992138622,0,0.00583280569937055,0.0085202659418159,0.00543345388499055,0.00964634237179775,0,0,0.00165938997838051,0.000926544706945425,0.0183060523667634,0,0.0520306488865125
"Sub3","d1","A","Ctl-S",1,0.371316131856937,0.0233703734549054,0,0.00303144378504985,0.0068945559178522,0.00316972452274315,0.0113253689641516,0,0,0.00085964771761214,0.000374167097482919,0.0191229271169037,0,0.0257151315549788
"Sub3","d1","B","Ctl-S",1,0.0372518670079921,0.0228923395802421,0,0.00405545564662818,0.0059000716787787,0.00366805671364828,0.00911757572829255,0,0,0.00111787675232204,0,0.00967272955843905,0,0.0167878560414393
"Sub3","d1","C","Ctl-S",1,0.0358597991891815,0.0247535386115479,0,0.00314458574535256,0.00695568908362895,0.00432245940220945,0.0087414265560677,0.00209418845714068,0,0,0,0.00914275835160645,0,0.0128895544352542
"Sub3","d2","A","Ctl-S",1,0.0487016579106731,0.0334360705382126,0,0.00714357649406645,0.0095150651593696,0.0068056016729731,0.0134574239271955,0,0,0.00067817166007902,0.00227492625756855,0.0114735262046948,0,0.0242433525752901
"Sub3","d2","B","Ctl-S",1,0.0426931308223072,0.032205796559232,0,0.0052288067545322,0.0069260701783823,0.00450348905042332,0.0102481585460822,0,0,0,0,0.0101631497970177,0,0.0183275622910447
"Sub3","d2","C","Ctl-S",1,0.0377392164343877,0.0274651505011206,0,0.00432039001032784,0.0062933156080405,0.0050288794186009,0.0116513692581196,0,0,0,0,0.0140008562193707,0,0.0186107999651391
"Sub3","d3","A","Ctl-S",1,0.0382219040501925,0.0295755182228574,0,0.0056362588817371,0.006297898626276,0.00386441970556402,0.0105983182381232,0,0,0,0,0.0138596004189723,0,0.0239667930231196
"Sub3","d3","B","Ctl-S",1,0.0415904357245215,0.0304449930196145,0,0.0040826432656385,0.005298303380316,0.00378929756968635,0.00958482676702265,0,0,0,0.000519372911792085,0.0111179902821887,0,0.0199606317731305
"Sub3","d3","C","Ctl-S",1,0.0448226630208727,0.033351644027707,0,0.00302636978150163,0.00576362580291285,0.00451008291243651,0.0106240269077674,0,0.00137790850595122,0,0,0.0213726234307929,0,0.0208219622605898
"Sub4","d0","A","Ctl-S",1,0.0336358718221106,0.0361965097600662,0,0.0119739065251076,0.00744716007222775,0.00449432977002228,0.0076938586328247,0,0,0,0,0.015892103708613,0,0.0497415148497765
"Sub4","d0","B","Ctl-S",1,0.0456049842148804,0.0432042518999377,0,0.0155602311561678,0.00789641557149465,0.00486901196351358,0.00851318587330765,0,0,0.00112117786792698,0.000537339171366965,0.0224648265790831,0,0.0521927911067605
"Sub4","d0","C","Ctl-S",1,0.0597066920417495,0.0395053945880263,0,0.0161812336654012,0.0108255442507342,0.00490703970244767,0.0104108524209506,0,0,0.000842697424098025,0,0.034351977801639,0,0.0661086715105775
"Sub4","d1","A","Ctl-S",1,0.0257488176404391,0.0344019219255891,0,0.0118172588958377,0.0091131396941496,0.00447228198367456,0.0126966065471187,0,0,0.0007608816831747,0.00103678889389357,0.0167549030091746,0,0.018203337081769
"Sub4","d1","B","Ctl-S",1,0.0199679512844096,0.0274726082251843,0,0.00738142668108945,0.0060746632760716,0.00142269874059525,0.00944257308294195,0,0,0,0,0.0162520492827213,0,0.0108875606488365
"Sub4","d1","C","Ctl-S",1,0.0225175825561972,0.0286336508408674,0,0.0088576594123523,0.00441513010277202,0.00229484155957639,0.0115562716401487,0.00332645033470833,0,0,0,0.0261852729444879,0,0.0164973674201549
"Sub4","d2","A","Ctl-S",1,0.0259831072353423,0.018287947811972,0,0.006736905801687,0.0037199873524684,0.00170139107057196,0.0120580591966327,0,0,0,0,0.0247707414879733,0,0.0149368482044988
"Sub4","d2","B","Ctl-S",1,0.0214254164034771,0.0267283235777005,0,0.0074805757910596,0.0050395574751559,0.00227434663419494,0.0156849153977174,0,0,0,0,0.0214700129166474,0,0.0161344086235557
"Sub4","d2","C","Ctl-S",1,0.0211448870141448,0.0207938015764828,0,0.0078981765671513,0.0045981482002555,0.00173060138560486,0.0123219416831336,0.0049248178720757,0,0,0,0.0214543582488778,0,0.0143756088072727
"Sub4","d3","A","Ctl-S",1,0.056084090129682,0.0274337479102587,0,0.00515816766648045,0.00257655237579482,0.00283594306506027,0.0288705545089479,0,0.00260568427207693,0,0,0.0146084870855568,0,0.0101736209067332
"Sub4","d3","B","Ctl-S",1,0.0709316642120425,0.0268093755522663,0,0.00625399635307135,0.00286467240890818,0.00332600820884797,0.0351451735752551,0,0.000407325605008486,0,0,0.0174805410273486,0,0.0131949357961532
"Sub4","d3","C","Ctl-S",1,0.055093019499163,0.0271414878341504,0,0.00685236995790765,0.00314622867382406,0.00245394054338213,0.0334812177652652,0,0.00349158752799931,0,0,0.0185623812616117,0,0.0108074932624774
"Sub5","d0","A","Ctl-S",1,0.0237841114903983,0.0353948694472862,0,0.00455365424433854,0.00546036315505585,0.00808487864970785,0.00850554358735885,0,0,0.0028804681735009,0.00299141349372507,0.0163323787612162,0,0.061733465151699
"Sub5","d0","B","Ctl-S",1,0.0239464244131089,0.0304888944285632,0,0.00688874029843145,0.00359625112173289,0.0080862542205122,0.00670784399160985,0,0,0.000881641161755715,0,0.0266605288541811,0,0.0727672568572205
"Sub5","d0","C","Ctl-S",1,0.0216242459759874,0.0290739213151851,0,0.00289771961026273,0.00366883557164848,0.0059650607933815,0.00730773211350005,0,0,0.000578108001806865,0,0.0188318695927917,0,0.072424568001598
"Sub5","d1","A","Ctl-S",1,0.0211472545307725,0.0211335662894573,0,0.00265132911646436,0.0037790512487733,0.00659808720446925,0.008173012226704,0,0,0.000496259964809114,0.000416961498731078,0.0112626042164824,0,0.0120639229708156
"Sub5","d1","B","Ctl-S",1,0.0166591471307981,0.0220706568978526,0,0.00278959984987415,0.00432466277733609,0.00616760890834875,0.0077427830739944,0,0,0,0.000584007597924085,0.0132944977107226,0,0.0125505260256978
"Sub5","d1","C","Ctl-S",1,0.0169417945149287,0.0222710222426156,0,0.00284112520701321,0.00404509333936687,0.0059421182509056,0.00818145730961765,0,0,0,0,0.0102573103172135,0,0.0128864879452201
"Sub5","d2","A","Ctl-S",1,0.0175069426705424,0.0218063059601767,0,0.00382786923797052,0.00237396448838972,0.0058213525741829,0.0088253842997971,0,0,0,0,0.0121731522324523,0,0.0117008562867778
"Sub5","d2","B","Ctl-S",1,0.0162664421473097,0.0232543906624852,0,0.0038050825614014,0.00390655217059554,0.0064584663370817,0.0089709352318077,0,0,0.00061248508714669,0,0.0139072139486899,0,0.013384659511244
"Sub5","d2","C","Ctl-S",1,0.0156873934228923,0.0226816518141349,0,0.00345477588646959,0.00378597054537362,0.00505675995555875,0.00878042376221145,0,0,0,0,0.0102831610884307,0,0.0143003681567531
"Sub5","d3","A","Ctl-S",1,0.0144630533640329,0.0240594824800086,0,0.00405277054516121,0.00215062213846864,0.0056250725079796,0.00774028031402695,0,0.000676004140474965,0.000506091719530605,0,0.011986692862355,0,0.0127824734729124
"Sub5","d3","B","Ctl-S",1,0.0185482931443205,0.0291627698363224,0,0.00490250625534084,0.00334146495535688,0.007792817153442,0.00885511916956535,0,0.000617208252701755,0,0,0.0112492228259642,0,0.0156345673059756
"Sub5","d3","C","Ctl-S",1,0.017260178214172,0.0272957880132246,0,0.0070047208232039,0.00308843833821241,0.0068179477895843,0.00847239547761035,0,0,0.00071756479901179,0,0.00684255624289155,0,0.01242423026352
"Sub1","d0","A","Ctl-S",2,0.0271665927659853,0.007168513391213,0.00269685856940473,0.00414688673761116,0.00447592441056336,0.00155370512800091,0.000467972559052926,0.000353729940419351,0.00254787740566501,0.00213255389276626,0.000400126709078969,0.000442456137998595,0,0.0154606762414325
"Sub1","d0","B","Ctl-S",2,0.0252650047492146,0.0064110284230659,0.00297836407062342,0.00374292635188693,0.00395909286112145,0.0014056220656108,0.000422429083951866,0.000313419819712636,0.00232305145102893,0.0020364259194567,0.000380836917379528,0.000400589450822431,0,0.0143531365429788
"Sub1","d0","C","Ctl-S",2,0.0267939373096156,0.00706068127510955,0.00289910647909614,0.00416142665846685,0.00422786335209675,0.00152000375361871,0.000469705067043755,0.00031895916117252,0.0024427106390194,0.00211573858047698,0.000334518502676044,0.000438297911472611,0,0.0155331264826706
"Sub1","d1","A","Ctl-S",2,0.00078035422684982,0.000660288765992625,0.0011889037283905,0.000431170287943069,0.000499733886723285,0.00092002153961824,0.000279105911242632,5.7678228006199e-05,7.36982865658965e-05,4.66204623774976e-05,2.52216817121518e-05,2.08348212160963e-05,0,0.00122251554096688
"Sub1","d1","B","Ctl-S",2,0.00069588308002986,0.000615595064937745,0.00106396782170144,0.000403717111120828,0.00055172431352161,0.000962367717712295,0.000255194342616814,8.1866334959568e-05,4.30298784417034e-05,7.0935673887379e-05,6.5818200783713e-05,2.27765440510567e-05,0,0.00140045433325936
"Sub1","d1","C","Ctl-S",2,0.000810995842149315,0.000621185098977265,0.00123794192887666,0.000410143605768942,0.000517999546413325,0.00094871940311267,0.000231925053773424,8.5284850054439e-05,6.5374139449286e-05,6.61239805628535e-05,4.69941447439045e-05,3.28280644668305e-05,0,0.00137416108634534
"Sub1","d2","A","Ctl-S",2,0.00124861853825297,0.000846479909722665,0.00107844058535039,0.00063500830342678,0.00051020151811363,0.00100691452379015,0.000306524990606962,6.88836585191405e-05,4.97755173496818e-05,0.000103757040934545,7.35807385123335e-05,2.93846012471544e-05,0,0.0014171404439107
"Sub1","d2","B","Ctl-S",2,0.00122173572905762,0.000825818155976335,0.00111289923907866,0.000680457930598385,0.000593554083792625,0.00113636204116807,0.000304059269802668,7.0616182061206e-05,5.80192761744355e-05,9.1953501595662e-05,7.1497804120383e-05,4.15938355558724e-05,0,0.00158100314815321
"Sub1","d2","C","Ctl-S",2,0.00134627902389126,0.00095266992611249,0.00124688452903662,0.000700459177574995,0.00063123517892039,0.00109330758431603,0.000265607326429573,8.6445783647137e-05,4.82403137198377e-05,0.000117000992159056,6.8554076260221e-05,4.57522684317068e-05,0,0.00182495778108584
"Sub1","d3","A","Ctl-S",2,0.00143211276608625,0.000969769885065795,0.00118928704857301,0.000834143871765235,0.00060359655251075,0.00119814397607295,0.000287167886775805,8.60790873801765e-05,4.74900979359113e-05,0.000123745452361954,7.76053724346115e-05,3.18419818521888e-05,0,0.00137474204726841
"Sub1","d3","B","Ctl-S",2,0.00137105801010756,0.00097704137624332,0.00121996556470649,0.000825060928645495,0.000686148033389815,0.00115914719995646,0.000274907545849081,7.01748951468685e-05,5.18095169936e-05,8.98030388155835e-05,8.2413534085859e-05,4.83439697390041e-05,0,0.00169579221445222
"Sub1","d3","C","Ctl-S",2,0.00188419140215837,0.00086769458722186,0.00215812279745993,0.0008846379489517,0.000577913247053575,0.00109556224517018,0.000249092031738782,6.7566163312866e-05,1.26638371338005e-05,0.000131107075857466,6.7711501880895e-05,3.65879592134451e-05,0,0.00177770482039029
"Sub2","d0","A","Ctl-S",2,0.00350338093243921,0.00255094107442406,0.000390630823581689,0.00120222009697003,0.00179185705218435,0.000757107158136505,0.000206976990844293,7.3708784993886e-05,0.000390453873850682,0.00041360424468104,0.000336827853762099,0.000215537018316148,0,0.00819828102513435
"Sub2","d0","B","Ctl-S",2,0.00352622176711303,0.00261819630230998,0.0005059236163796,0.00137267222120017,0.00170420951921582,0.00080362209391279,0.000212797108369745,6.6818923071213e-05,0.000385597568469798,0.000410692554063054,0.000287419202747964,0.00017806460661957,0,0.00865110377554715
"Sub2","d0","C","Ctl-S",2,0.00369462182221336,0.00246235048913702,0.000455107097890956,0.00130041515786292,0.00169331198213266,0.00078959902204649,0.000209642565906369,6.26431910575815e-05,0.000400507308801173,0.000402578521372786,0.000247130062105444,0.000196844948720297,0,0.00910932265004085
"Sub2","d1","A","Ctl-S",2,0.00196382933150192,5.6287685825302e-05,0.000342448466854009,3.10219400689361e-05,4.28881745833523e-05,0.000212439497354654,4.18513200338065e-05,0,8.67307451387065e-06,6.7751521131471e-05,7.94777400998745e-06,2.06450533362164e-05,0,0.0005523762953623
"Sub2","d1","B","Ctl-S",2,0.00149285713942614,4.9712334997699e-05,0.000356707661422524,2.94390862072341e-05,3.44252192598874e-05,0.000172847621038968,2.48537668311969e-05,0,3.22094444338626e-05,4.50623154418376e-05,4.13902321986526e-06,2.4693048719297e-05,0,0.000355117477309029
"Sub2","d1","C","Ctl-S",2,0.000376464707945848,8.21922429611075e-05,0.000738058648341595,0.000360605993465931,0.000111337840963244,0.000300924292763915,3.4695349664869e-05,0,3.24845842667642e-05,0,1.17900993195328e-05,1.65286365968358e-05,0,0.00088263390544786
"Sub2","d2","A","Ctl-S",2,0.00119388529357981,0,0.00067980897758422,0.00014697569209866,7.98035784746675e-05,0.000567952088352575,5.8883349446102e-05,0,4.24915527388605e-05,0,2.40915501162165e-06,1.45129792704858e-05,0,0.000202215920092625
"Sub2","d2","B","Ctl-S",2,0.00128508219480163,0,0.0005612567725198,8.6292312653963e-05,6.3566842113453e-05,0.000602626882583045,3.40378159475447e-05,0,4.12273610593905e-05,0,2.50926174870132e-06,2.11761210766603e-05,0,0.000150598723160306
"Sub2","d2","C","Ctl-S",2,0.00118658935347894,0.000178372606974175,0.00129086617764768,0.0008806793751543,0.000188361267639594,0.000368237466068177,6.16773323545525e-05,0,4.05140837219021e-05,0,1.18490893830749e-05,3.79075172338906e-05,0,0.00164390075830739
"Sub2","d3","A","Ctl-S",2,0.000462898058171679,7.86600912535005e-05,0.000415163973726207,0.000237554636021609,0.000140252746088913,0.00078869910753627,0.000123435209675031,2.89565774025849e-05,6.68732070493745e-05,0,5.1891035532175e-06,1.82848244953181e-05,0,0.000379725317299627
"Sub2","d3","B","Ctl-S",2,0.00079037590587734,0.000120925647391662,0.000504494786915395,0.000164551465442967,0.000117154358454965,0.00083074768870323,7.6862088997815e-05,0,2.37049134683503e-05,0,2.19981793669685e-06,1.45258631904767e-05,0,0.000167702704489591
"Sub2","d3","C","Ctl-S",2,0.000300114836024636,0.000168846646319749,0.000552539719468985,0.00089787192946643,0.000185229582447157,0.000237381474455639,6.98230211534175e-05,0,2.52547691841899e-05,0,3.67905383367465e-06,1.68172253129607e-05,0,0.00126910693452221
"Sub3","d0","A","Ctl-S",2,0.00423588052981353,0.00177944711164083,0.000283257947109109,0.000490245932678896,0.00098602094460589,0.000470368130171616,9.90871316414925e-05,0.000129020572626299,0.000324568621709449,0.000365124134277113,0.000157692193863171,0.000149261704396623,0,0.00550559991637005
"Sub3","d0","B","Ctl-S",2,0.00336021378122204,0.001855781697551,0.000303843108458456,0.000525661350289775,0.00086729360984386,0.000450457835938213,8.32860186040605e-05,0.000157261901760166,0.000370015100315003,0.000319848111107845,0.000124997812209664,0.000122046861494143,0,0.0052354951752593
"Sub3","d0","C","Ctl-S",2,0.0063204800215597,0.00312908498638046,0.000491319326070054,0.00088798234832398,0.00155741213582918,0.0008542025728333,0.000130399145440218,0.000266356118141607,0.00060506815157435,0.000476995657326059,0.000281461495415454,0.000186312834478489,0,0.007890974476501
"Sub3","d1","A","Ctl-S",2,0.00020835527714467,0.000155325471801459,0.000852037554042115,0.000173894621793989,0.000107049619216745,0.000688124034816125,2.63785998941267e-05,7.79175032644945e-05,1.79420875954469e-05,0,2.76982935699094e-05,9.81179840749105e-05,0,0.0005069511732347
"Sub3","d1","B","Ctl-S",2,0.000320788011405951,0.000181610480833656,0.00125079598780666,0.000202639878314988,0.000136501300776164,0.00062376655661124,4.83815096958584e-05,9.50564883848595e-05,2.28972705314417e-05,0,3.62971322028257e-05,1.5775726973353e-05,0,0.000572001356548685
"Sub3","d1","C","Ctl-S",2,0.000316446536597321,0.000215858222662861,0.00120920885093455,0.000307070338012158,0.000174948232274258,0.000607726678154505,4.70220385705672e-05,0.000102043355340478,3.61043611307919e-05,0,3.11943610368971e-05,3.24872013892226e-05,0,0.000960258678604415
"Sub3","d2","A","Ctl-S",2,0.000379302057361597,0.000292029412826827,0.000786623998403795,0.00066867346017165,0.00025350322644054,0.00084959793127502,6.49220543116125e-05,9.4763048910537e-05,3.64489369560095e-05,5.5421935644435e-05,2.90189644076965e-05,5.07306040552275e-05,0,0.00118737607300822
"Sub3","d2","B","Ctl-S",2,0.000476358048968523,0.000452920649503252,0.00147162550926698,0.00093686681306124,0.000239379631826743,0.000716645715844995,7.85361734288975e-05,0.000132572881636772,3.70352182320719e-05,0.00010155226669704,2.61802765433606e-05,3.20668531840201e-05,0,0.00134334827629324
"Sub3","d2","C","Ctl-S",2,0.000378255710595673,0.000245805750691505,0.00086830089386501,0.000658933746171125,0.000216748739219892,0.00052240757507757,5.8677280228873e-05,5.60008615400095e-05,3.2537914842759e-05,0,2.24943257455567e-05,4.89098584496181e-05,0,0.00106649999623261
"Sub3","d3","A","Ctl-S",2,0.000421044285464301,0.000302286515094956,0.00109101789742288,0.000929803578813875,0.000260955447898589,0.000805847600285255,4.92687905760963e-05,7.6482637958271e-05,1.9464696176995e-05,5.89532226395855e-05,2.59432905281897e-05,5.4119426555083e-05,0,0.00110882824581515
"Sub3","d3","B","Ctl-S",2,0.000547424392328655,0.000452604242552455,0.0011700183406504,0.00118831861232853,0.000297724830721019,0.000566410563597975,9.50571466415225e-05,6.9835845847554e-05,4.67759819755432e-05,8.61922648661585e-05,3.40533166305827e-05,4.27028301257727e-05,0,0.00158681370678858
"Sub3","d3","C","Ctl-S",2,0.000276533369541808,0.000179174857175605,0.000669942397201085,0.000702644974645825,0.000158830422620027,0.000314486760998442,3.46896492162852e-05,5.42353487327905e-05,1.72882980612054e-05,0,1.25902056067608e-05,3.69478254064192e-05,0,0.00078129086855978
"Sub4","d0","A","Ctl-S",2,0.0111908146519602,0.00288658857462226,0.000534870612709765,0.00210321070709493,0.00162808489067507,0.00074022302037784,0.000226502531287185,0.000382856055039253,0.00098155035369422,0.000399388688524305,3.29810258834668e-05,0.000404832100251202,0,0.0087353308110495
"Sub4","d0","B","Ctl-S",2,0.00629932295458675,0.00190470287272076,0.000303753194518745,0.00121638995101616,0.000896784779112465,0.000402844933801379,0.000161686248881458,0.000179812039012606,0.00058200713743714,0.00022396783710302,5.0239959363013e-05,0.000340365798897355,0,0.00735577700237725
"Sub4","d0","C","Ctl-S",2,0.0106991278813481,0.00281560124174481,0.000510704810596285,0.00191091928366102,0.00152814772095065,0.00071364665457091,0.000226114261532197,0.000364261027741569,0.000951435828860415,0.00038022221545068,4.82847152186384e-05,0.000409325652916653,0,0.0097818465962081
"Sub4","d1","A","Ctl-S",2,0.00069281711234301,0.000125786225230147,0.000321924310962315,4.96431374123382e-05,9.08379869069355e-05,2.14602474584489e-05,4.21253742274405e-05,0.000154438665619117,1.65639545258139e-05,5.0203703662263e-05,5.4057055148289e-06,5.27836635642815e-05,0,0.000963419173224185
"Sub4","d1","B","Ctl-S",2,0.00066538167772574,0.00012756317344381,0.000226618860327879,5.403532841675e-05,9.22752375876935e-05,2.51243584290065e-05,4.22869039290006e-05,0.000153099348136386,1.35065040170113e-05,4.98780999780339e-05,8.2090275331143e-06,3.22588378329443e-05,0,0.000747181652341615
"Sub4","d1","C","Ctl-S",2,0.00062246085011633,0.00014059002908674,0.000214775898429137,5.6553106222428e-05,8.54419526241685e-05,2.7732079968568e-05,4.12502576267978e-05,0.000121437116684058,1.38441391993241e-05,5.25179303687315e-05,4.94222094107749e-06,3.3940593876444e-05,0,0.000652635983597985
"Sub4","d2","A","Ctl-S",2,0.00116062983082398,0.000139356345765841,0.000259054747355724,1.75280215504651e-05,5.42328059935455e-05,1.84701000327445e-05,5.77966567992385e-05,6.61207576965245e-05,7.1700760036423e-06,6.86790379949045e-05,2.89975614869208e-06,5.74093142470795e-05,0,0.00042519591229493
"Sub4","d2","B","Ctl-S",2,0.00136461606216589,0.000115314541295391,0.000186994494734187,2.08241288324668e-05,6.58483199197805e-05,2.10852016902562e-05,5.0120045985125e-05,7.0422998182256e-05,1.91542949588203e-05,5.79104477168705e-05,5.9855118080273e-06,5.4881982487335e-05,0,0.000294220176810554
"Sub4","d2","C","Ctl-S",2,0.00115848757360686,0.000113953178247962,0.000222559937418999,1.90766432510232e-05,5.62251508154295e-05,1.87971973094184e-05,4.9503948749383e-05,6.9906390803045e-05,1.29688636059742e-05,5.39424536236975e-05,6.7891878789542e-06,4.07312701611654e-05,0,0.000266840112822981
"Sub4","d3","A","Ctl-S",2,0.00345967887870118,0.000184392740049579,0.000248104273417982,1.49040212084201e-05,5.7820440519875e-05,1.90331958628137e-05,4.39994289081511e-05,0,1.24969814316293e-05,0,2.44785005347303e-06,4.18114013144517e-05,0,0.000312342969296746
"Sub4","d3","B","Ctl-S",2,0.00316340726543667,0.000106473505543084,0.000253746790408258,1.19014790771846e-05,6.4098057739251e-05,2.13190663325837e-05,4.54881282499591e-05,0,8.84984483359145e-06,0,0,5.16991912893485e-05,0,0.000237093170489937
"Sub4","d3","C","Ctl-S",2,0.00341685696477121,0.000147842033495656,0.000233203924295889,1.33473892307016e-05,5.48384250041945e-05,2.01042276955978e-05,4.09602676166375e-05,0,1.00876323643449e-05,0,6.13005225722725e-06,4.56469576039868e-05,0,0.000309237386959072
"Sub5","d0","A","Ctl-S",2,0.00186017949479576,0.00328361038086835,0.000160677270534449,0.000253180804735529,0.000556524554166015,0.000654862772025195,9.3667987904342e-05,0.000143327139076285,0.000301362558190915,0.00095824054360064,0.000387710811877253,0.00044015212549408,0,0.0120290344317042
"Sub5","d0","B","Ctl-S",2,0.00210634927970211,0.00326546499979489,0.000145698370603052,0.000306014543121326,0.000614494353095575,0.000817572257513,7.0340236334112e-05,0.000134159909948727,0.000222341503104751,0.00085618887931907,0.000503489989213585,0.000205962148468595,0,0.0071147793047381
"Sub5","d0","C","Ctl-S",2,0.00180624106007567,0.00297080399957298,0.000143889351938109,0.000249798561517721,0.00054627732947376,0.00076380470883111,7.13629554376505e-05,9.1132167676921e-05,0.000206244542289665,0.000804331295279295,0.000425835101736628,0.000208810123870501,0,0.0076045522806162
"Sub5","d1","A","Ctl-S",2,0.000189997727055514,0.000128317833700691,0.000946784216713555,0.000714591034958755,0.000297967530409246,0.0013105696665976,4.3515075951744e-05,0,1.88397771673967e-05,0,9.45773468474725e-06,2.6182362938365e-05,0,0.00162407387718617
"Sub5","d1","B","Ctl-S",2,0.000179032726091247,0.000177904860693393,0.00101502692296923,0.00110394424525486,0.000448593692522604,0.00203095501163512,6.86600208262835e-05,0,4.26797957577804e-05,0,2.48827408831232e-05,2.4939966222445e-05,0,0.00272880880037299
"Sub5","d1","C","Ctl-S",2,0.000300658166484096,8.23535804261465e-05,0.0012018410881398,3.5510930164718e-05,5.4742798050618e-05,0.00231473057834329,5.46969024765015e-05,2.71236153767631e-05,7.75894476987805e-05,3.27069240110275e-05,0.000111290876418192,2.51210763583314e-05,0,0.000187668171817328
"Sub5","d2","A","Ctl-S",2,0.00130432727125746,0.00032128416608873,0.00188381382378446,0.0015161098386228,0.00054646805091017,0.00196357349908385,9.0790574523289e-05,0,2.80956724757008e-05,0,1.97248233786658e-05,2.93070152698162e-05,0,0.00275824772159179
"Sub5","d2","B","Ctl-S",2,0.000212158329176245,0.000310856759844412,0.00102947124977017,0.00157995926658642,0.000569464519300685,0.00220448875748047,9.65978527896345e-05,0,5.147271030066e-05,5.4991931341399e-05,1.55921362589762e-05,2.92689938275022e-05,0,0.00351649294957669
"Sub5","d2","C","Ctl-S",2,0.000140451434414646,0.000116126072066793,0.000145846035494689,3.98699120699924e-05,5.31058496059485e-05,0.000287254750710535,6.5681298166724e-05,0,1.48993337508658e-05,0,4.1231116152766e-06,1.31483921984417e-05,0,0.000161789666340283
"Sub5","d3","A","Ctl-S",2,0.000521026470549285,0.000446997599798191,0.000935244521830045,0.00192525972972309,0.000609148930130355,0.00237019432808693,0.000150690747001872,0,3.23647909265358e-05,8.50748561926085e-05,1.86196668206704e-05,0.000122924502655443,0,0.0056859214830219
"Sub5","d3","B","Ctl-S",2,0.0004958379776742,0.000544731862882615,0.00147811384094915,0.00214716615934172,0.00070025167476579,0.00262134738185776,0.000139109661358152,0,3.41050249312976e-05,0.000103720744723497,7.1531870409962e-05,5.05937043292555e-05,0,0.00476509241317422
"Sub5","d3","C","Ctl-S",2,0.000266466585728132,0.00010087530240446,0.000235614546110569,3.96771538579108e-05,3.85148334366989e-05,3.97065493024046e-05,1.12756664340877e-05,0,1.45821917723748e-05,0,1.6170397811301e-06,1.68691604857513e-05,0,0.000132853450353443
"Sub1","d0","A","Ctl-S",3,0.0233916583427449,0.0095298920475555,0.000499762695873676,0.00377894345905676,0.00402144607548433,0.00213766337233211,0.0004924587872269,0.000428778850153215,0.00310328420047123,0.00235861480426176,0,0.000559022956968175,0,0.029568548145568
"Sub1","d0","B","Ctl-S",3,0.0236536161629265,0.00835233284596695,0.000463119146867146,0.00361629485021513,0.00331154199484617,0.0033528801501292,0.000450485202470185,0.000193095470643859,0.00341811436859571,0.00219003615447409,0,0.00051901315381287,0,0.0287663617789809
"Sub1","d0","C","Ctl-S",3,0.0294958828005942,0.0140704482561388,0.000702336379277065,0.00425718807470861,0.0070683355673916,0.00244933972821528,0.000898164078307145,0.00060997907961977,0.00582801151729525,0.00230831510792084,0,0.00069991416281425,0,0.0331753014636305
"Sub1","d1","A","Ctl-S",3,0.00079396421993984,0.00061197057377939,0.00156829129912487,0.000552102558720735,0.000729085116287285,0.00086115078164466,0.000159440424069407,0,9.8602268783228e-05,0,0,5.3781491547196e-05,0,0.00235005034074791
"Sub1","d1","B","Ctl-S",3,0.00064215543567916,0.000663517500179745,0.00133895228272293,0.000382087523441569,0.000491547277722037,0.00074816536974624,0.000135503781659872,0,8.0271736319834e-05,0,0,2.56408104193449e-05,0,0.00203546731504504
"Sub1","d1","C","Ctl-S",3,0.00108875623912761,0.00087772619774271,0.00172331836338896,0.00057863233399301,0.00090971546823719,0.000966143344255195,0.00017843564666893,0,0.000122916369490076,0,0,4.52718464443937e-05,0,0.0026767942966547
"Sub1","d2","A","Ctl-S",3,0.00171334167439593,0.00121150531628988,0.00183895518850184,0.000761566730752455,0.00085094694765961,0.00112667686449639,0.000135878511907038,0,7.9084444388756e-05,0.000149144269463204,0,8.69870309747375e-05,0,0.00277733980859566
"Sub1","d2","B","Ctl-S",3,0.00127152326637477,0.00092867003413955,0.00140031273826788,0.00073300706554466,0.00066300441650174,0.00099357797383157,0.000123762974341863,0,0.000112598296166788,0.000144496093739321,0,9.31712764239905e-05,0,0.00263331411353023
"Sub1","d2","C","Ctl-S",3,0.00157202886296388,0.00120840981258948,0.00167675209174886,0.00083283123836448,0.00094416579707082,0.00087584961356173,0.000196591704953109,0,7.47710785347085e-05,0.000100344889353338,0,4.641753826472e-05,0,0.00280438452132716
"Sub1","d3","A","Ctl-S",3,0.00208516520954684,0.00132267697239603,0.00178320134967585,0.00122844325727375,0.00105507909663947,0.00110202098351455,0.000120317213541807,0,0.000118520946149182,0.000195187607828293,0,6.2637818267114e-05,0,0.00300556784860367
"Sub1","d3","B","Ctl-S",3,0.00141363115622948,0.00108016306403045,0.0015719346153151,0.000938112104538625,0.00069050474459194,0.0010467018601588,0.000112528834247556,0,9.7798011897908e-05,0.000159892250652729,0,3.93896107804915e-05,0,0.00296677630525009
"Sub1","d3","C","Ctl-S",3,0.00225469730178704,0.00148682945287337,0.00192380665773235,0.00113307884093807,0.00132883154349271,0.000995654354127705,0.000138556797165499,0.000169786845083322,0.000112698386419762,0.000247010960208464,0,6.5321266239557e-05,0,0.00366962470721019
"Sub2","d0","A","Ctl-S",3,0.00367516581453033,0.00253202436157806,0.000378608839488065,0.00108315368347458,0.00132472206186941,0.000987912026983735,0.000231274387158962,0,0.000404780836476438,0.000277921803337543,0,0.000348093791088027,0,0.0138886934062949
"Sub2","d0","B","Ctl-S",3,0.00478999027034374,0.00339562834435073,0.000432024280071294,0.00138442345056516,0.00160345983538046,0.00129174935444257,0.000304032689804693,0,0.000629791429551005,0.000435263610919053,0,0.000379834336104033,0,0.0190860405993481
"Sub2","d0","C","Ctl-S",3,0.00312656718429128,0.00254082787768869,0.00031490989887809,0.000743007544429965,0.0011923907922564,0.00083730579435971,0.000215400951169445,0,0.000378362609178859,0.000200257222636048,0,0.000318335088604085,0,0.0126234314346848
"Sub2","d1","A","Ctl-S",3,0.00122140441658998,4.23146795619129e-05,0.000222675588513812,0,7.16978250976065e-05,1.14959703347212e-05,5.40506938481185e-05,0,1.9668676685499e-05,0,0,3.85851859115054e-05,0,0.00066007741550728
"Sub2","d1","B","Ctl-S",3,0.00180410032899477,2.3508484740429e-05,0.00028244194488615,0,5.6614638872761e-05,1.25585713812954e-05,5.65116044381035e-05,0,3.38286824618204e-05,0,0,1.76138654046452e-05,0,0.000791651617910185
"Sub2","d1","C","Ctl-S",3,0.00250072981551794,6.54917938161675e-05,0.000314444773566288,0,5.3077325647426e-05,0,4.66424001849712e-05,0,2.0004251605466e-05,0,0,2.71624262672816e-05,0,0.000788610889041305
"Sub2","d2","A","Ctl-S",3,0.0028850106056177,4.56957561988801e-05,0.000288953333255521,0,5.2153843611871e-05,5.1308115403228e-05,3.62834171088444e-05,0,2.58884526457946e-05,0.000231385631883207,0,4.8884263658246e-05,0,0.000433480552037506
"Sub2","d2","B","Ctl-S",3,0.00127790628748263,3.8884349729989e-05,0.000175563081484827,0,3.89234075560557e-05,9.3174373565105e-05,2.56166655330759e-05,0,1.71276728981027e-05,0,0,2.21268072699992e-05,0,0.000313977717919724
"Sub2","d2","C","Ctl-S",3,0.00132320371052007,5.44268556981525e-05,0.000406835959361636,0,5.4333953607421e-05,0.000327852368656315,4.07367028153187e-05,3.71005720278137e-05,3.97944594438981e-05,0,0,2.28548565318526e-05,0,0.000368869740413215
"Sub2","d3","A","Ctl-S",3,0.000819821462592575,0.000102149801622975,0.000221919624640919,2.8011167903067e-05,6.16043359030575e-05,0.000189779443919477,6.3897836584838e-05,0,2.53164274500405e-05,0,0,1.10583855823339e-05,0,0.000151497774347649
"Sub2","d3","B","Ctl-S",3,0.000754646324303075,9.47964451105695e-05,8.33776279954775e-05,1.95492182290922e-05,4.936409339343e-05,0.000109522742725272,6.4139431099969e-05,0,2.271135360804e-05,0,0,2.08138676341566e-05,0,0.000155478297721331
"Sub2","d3","C","Ctl-S",3,0.00067570366114331,0.000103352893714197,9.01627481280765e-05,2.06820095496077e-05,4.75315720546438e-05,0.00033934582982422,6.83833818553385e-05,0,6.44885901914195e-05,0,0,2.15744849497917e-05,0,0.000140221503001836
"Sub3","d0","A","Ctl-S",3,0.0077912428469781,0.00370286809511188,0.000471904249061219,0.000710773205015245,0.00143295495852892,0.000958417614058155,0.000140720627320216,0.000253504966793745,0.000724999329078595,0.000305655772795301,0,0.000273819112321074,0,0.0097394340315029
"Sub3","d0","B","Ctl-S",3,0.0103024080145926,0.0050038635914974,0.000518114537828875,0.00100603719905539,0.00184918549224361,0.00133431695897356,0.000182182131722161,0.00031844084420509,0.00109359461316728,0.000467322185912168,0,0.000327782514128554,0,0.0128913763584963
"Sub3","d0","C","Ctl-S",3,0.00967477967385445,0.00496810131584365,0.0004828998117739,0.000781351711837975,0.00176215880056428,0.00122144344783251,0.000182607488316037,0.000412209363902072,0.00119272587098857,0.000343758100335423,0,0.000302636032630978,0,0.0124095870200773
"Sub3","d1","A","Ctl-S",3,0.000345396318972501,0.000119730390898936,0.00166596309560498,0.000110993769238036,8.86349724830575e-05,0.00145646165462915,2.8992175186955e-05,0,8.17786139638885e-05,0,0,1.6358727654359e-05,0,0.00061719704978898
"Sub3","d1","B","Ctl-S",3,0.00102332006952656,0.000116621645752793,0.00166924601221864,0.000125222286696002,8.84277567830165e-05,0.0014883751896786,2.92575633662171e-05,0,7.07595560482725e-05,0,0,3.79027403565482e-05,0,0.000495746474822045
"Sub3","d1","C","Ctl-S",3,0.000423090761321421,0.000239568321812238,0.0017547321646046,0.000233834753905146,0.000137946500712302,0.000706431206043135,1.84587933993371e-05,0,4.43237403104541e-05,0,0,3.56826147183321e-05,0,0.00162786423211559
"Sub3","d2","A","Ctl-S",3,0.000683889128002335,0.00051500323326089,0.00193628260970142,0.000438823671034563,0.000212757037487141,0.00255290163141833,9.19952374574945e-05,0.000132779917953408,6.55848318327e-05,0,0,6.013286967624e-05,0,0.00238714860174059
"Sub3","d2","B","Ctl-S",3,0.000622373156271985,0.000434220565831897,0.00185267678337372,0.00052668668443731,0.000208604066985729,0.00156405298428966,7.2149771466813e-05,0,3.79174623883615e-05,0,0,5.65929579792555e-05,0,0.00235635742369202
"Sub3","d2","C","Ctl-S",3,0.00072047632064664,0.000422532625243863,0.00176154222738494,0.000742336333044455,0.000166668388055282,0.00070283972800107,8.8404630892308e-05,0,4.97758728911025e-05,0,0,8.13700722197205e-05,0,0.00241377216905704
"Sub3","d3","A","Ctl-S",3,0.000854845212706465,0.00057112661398151,0.00206462256090183,0.00070147254690795,0,0.00208287585749707,0.000111121513802577,0,9.76144743449795e-05,0.000140106138873253,0,8.43548833042595e-05,0,0.00317246229508337
"Sub3","d3","B","Ctl-S",3,0.00091497091333425,0.000510024593276855,0.00184250090504393,0.000809581643145505,0,0.00150141708819775,9.41401030307875e-05,0,2.37125978752682e-05,0,0,9.35388927997835e-05,0,0.00290098786678997
"Sub3","d3","C","Ctl-S",3,0.000977886338568805,0.00055355699694485,0.00169928036760488,0.00100136202094867,0,0.000785655023307555,6.5508523931411e-05,0,3.98985390422923e-05,0,0,0.000117581202367258,0,0.00282568135138783
"Sub4","d0","A","Ctl-S",3,0.0154971944537898,0.00407829112368229,0.000463122698368509,0.00193871068555086,0.00173838762657559,0.00099644233020436,0.000259921237334947,0.000415895376495766,0.00174249246113993,0.000363690506931561,0,0.000588399361504085,0,0.0154163316648335
"Sub4","d0","B","Ctl-S",3,0.0184365749316774,0.0051698871374364,0.000596868051189275,0.00247045574968361,0.0018319977088298,0.00116393041060275,0.00030871692773174,0.000495656784723877,0.00230392275868635,0.000228017701028804,0,0.00073654430708322,0,0.0181562316797176
"Sub4","d0","C","Ctl-S",3,0.0153869099458163,0.0042358863675065,0.000474125312363703,0.00202062346879966,0.00177211904712477,0.000952228600362925,0.0002723155269848,0.00051916851509354,0.00179920654870763,0.000301296112623683,0,0.00063112993263595,0,0.0154413376033723
"Sub4","d1","A","Ctl-S",3,0.00097096379188948,0.000114971237730657,0.000284050162287683,0,9.81940078412735e-05,2.00058743867288e-05,5.6226306289518e-05,0.000209850149913589,1.19195496754379e-05,0,0,6.3388438779631e-05,0,0.00136641409283446
"Sub4","d1","B","Ctl-S",3,0.00075166263184669,0.000161900087394623,0.000202531663906425,0,0.000116479203141999,2.1215082225593e-05,4.77999631373454e-05,0,1.70823064386832e-05,0,0,3.76640419849955e-05,0,0.00117890543875515
"Sub4","d1","C","Ctl-S",3,0.00066978973249682,0.00014969758205231,0.000215190738507311,0,0.000110537247962551,2.12927320382024e-05,4.41483500534101e-05,0,2.77037940099564e-05,0,0,4.36011434622289e-05,0,0.00099132676908127
"Sub4","d2","A","Ctl-S",3,0.00267319022125029,0.000114659571819461,0.000230122416859938,0,7.95963469635135e-05,2.06806384851529e-05,9.8662684244861e-05,0,2.66994496612761e-05,0,0,9.8195321156118e-05,0,0.00067924403315909
"Sub4","d2","B","Ctl-S",3,0.00267854203756144,0.000126474347983613,0.000309970453313929,0,0.000102263056325581,2.57861836001207e-05,9.67292093704435e-05,0,2.28127107598835e-05,0,0,0.000100823980982544,0,0.000593939323621265
"Sub4","d2","C","Ctl-S",3,0.00311472203708485,0.000176735543006962,0.000264368700348018,1.11651740313255e-06,0.000126958271717698,2.57809599359714e-05,0.000119789361666319,0.000154679049788049,2.46633593373247e-05,9.78019646671885e-05,0,0.00010410960325064,0,0.000695379173089395
"Sub4","d3","A","Ctl-S",3,0.00737106548184475,5.6236004196087e-05,0.000248390720056671,0,7.7114831969988e-05,2.58482316343579e-05,9.8584164521658e-05,0,3.90608190529661e-05,0,0,7.08643489765835e-05,0,0.00063990743281374
"Sub4","d3","B","Ctl-S",3,0.00566580246799175,0.000117834336423763,0.000209528391322001,0,6.9127808993293e-05,1.7429451779113e-05,8.4685735016843e-05,0,4.41658296563474e-06,0,0,6.28483152413705e-05,0,0.000441100648426114
"Sub4","d3","C","Ctl-S",3,0.00587039770729905,7.9971072665905e-05,0.000167898906358112,0,7.40632251029935e-05,2.04102299751225e-05,7.76661739479215e-05,0,1.51865150015612e-05,0,0,4.37807048211288e-05,0,0.000352256502458283
"Sub5","d0","A","Ctl-S",3,0.00306083668931454,0.0049998232557917,0.000194267645634622,0.000252801837690538,0.00064458732714921,0.00122327465696768,8.95761232389105e-05,0.000183617802703382,0.000428237679513566,0.00120050579357214,0,0.000412517861470838,0,0.0138829700857329
"Sub5","d0","B","Ctl-S",3,0.00294681723076962,0.00512182239213145,0.00014647597188214,0.000245235611699094,0.000675596999228615,0.00122961575566895,9.0874952559248e-05,0.000147721462403706,0.000442307330532352,0.00109670785919383,0,0.000365209556923062,0,0.0130943257529474
"Sub5","d0","C","Ctl-S",3,0.00254537000811117,0.00446668546770428,0.000143206603847289,0.000222903710447784,0.000682470736513335,0.00109779656749399,7.98346964747005e-05,0,0.000395911805864568,0.000886497119165315,0,0.000386631633258776,0,0.0118540014248358
"Sub5","d1","A","Ctl-S",3,0.000199658310188644,0.000306719237598791,0.0015609187712822,0.00073013396084351,0.000438020005510425,0.00108884500558818,4.49198215198093e-05,0,9.2684202736656e-05,0,0,2.06840040577261e-05,0,0.0028743037033658
"Sub5","d1","B","Ctl-S",3,0.000609836721122085,0.000210390988356149,0.00165186253102034,0.00097638316198318,0.00076716745235215,0.00116491766558908,4.12029060607748e-05,0,9.35642395065015e-05,0,0,1.0327933769586e-05,0,0.00343925891527045
"Sub5","d1","C","Ctl-S",3,0.000183761904676689,0.000419090554656806,0.0018400525347469,0.00116652287755327,0.000666479727792955,0.00174016115702683,6.5572856777874e-05,0,9.6624067178926e-05,0,0,1.84030966766695e-05,0,0.00473398756283554
"Sub5","d2","A","Ctl-S",3,0.000484675823274368,0.00068331626787471,0.00180158366054093,0.00145290296081612,0.00077102414972022,0.00111474751529085,7.95366220015795e-05,0,0.000127040676011647,0,0,4.94017940450047e-05,0,0.00443684499960538
"Sub5","d2","B","Ctl-S",3,0.000255148970414097,0.000368585148692694,0.00170664326372461,0.00117630110012386,0.0005787297788524,0.00113611214733469,9.5251333488252e-05,0,8.9897281165678e-05,0,0,7.7370530748438e-05,0,0.0050204326483443
"Sub5","d2","C","Ctl-S",3,0.000463818951685785,0.000556440550327845,0.00207623001636605,0.00165270979248647,0.000666995570215615,0.00174490581210519,0.000202859521035905,0,0.000153738698367821,0,0,9.1421409070894e-05,0,0.00671074284550595
"Sub5","d3","A","Ctl-S",3,0.000458875222945898,0.000477839923086167,0.00150336063684614,0.00144021723119349,0,0.00090965018120822,0,0,7.56424962667095e-05,0,0,5.41247476079035e-05,0,0.00368536721167195
"Sub5","d3","B","Ctl-S",3,0.000472958006258378,0.000571130059002985,0.00172402316105242,0.0015851574534178,0,0.000756150413450175,0,0,0.000114857102986874,0,0,5.69819464478525e-05,0,0.00638330987541725
"Sub5","d3","C","Ctl-S",3,0.000602442915219715,0.000747333741997765,0.00204910354751974,0.00209957080701299,0,0.000996487909453235,0,0,0.000123914612571322,0,0,0.000109943042485797,0,0.0075381698215967
