"Subject","Rep","Day","pH","Treat","subj_rep"
"Media only","A","d0",7.13,"Banana","Media onlyA"
"Media only","A","d1",6.75,"Banana","Media onlyA"
"Media only","A","d2",7.14,"Banana","Media onlyA"
"Media only","A","d3",7.18,"Banana","Media onlyA"
"Media only","B","d0",7.06,"Banana","Media onlyB"
"Media only","B","d1",6.73,"Banana","Media onlyB"
"Media only","B","d2",7.17,"Banana","Media onlyB"
"Media only","B","d3",7.16,"Banana","Media onlyB"
"Media only","C","d0",7.06,"Banana","Media onlyC"
"Media only","C","d1",6.73,"Banana","Media onlyC"
"Media only","C","d2",7.19,"Banana","Media onlyC"
"Media only","C","d3",7.15,"Banana","Media onlyC"
"Media & fiber","A","d0",6.99,"Banana","Media & fiberA"
"Media & fiber","A","d1",6.63,"Banana","Media & fiberA"
"Media & fiber","A","d2",7.05,"Banana","Media & fiberA"
"Media & fiber","A","d3",7.04,"Banana","Media & fiberA"
"Media & fiber","B","d0",6.96,"Banana","Media & fiberB"
"Media & fiber","B","d1",6.59,"Banana","Media & fiberB"
"Media & fiber","B","d2",7.03,"Banana","Media & fiberB"
"Media & fiber","B","d3",7.01,"Banana","Media & fiberB"
"Media & fiber","C","d0",6.96,"Banana","Media & fiberC"
"Media & fiber","C","d1",6.6,"Banana","Media & fiberC"
"Media & fiber","C","d2",7.04,"Banana","Media & fiberC"
"Media & fiber","C","d3",6.99,"Banana","Media & fiberC"
"Sub1","A","d0",6.96,"Banana","Sub1A"
"Sub1","A","d1",5.64,"Banana","Sub1A"
"Sub1","A","d2",5.84,"Banana","Sub1A"
"Sub1","A","d3",5.44,"Banana","Sub1A"
"Sub1","B","d0",6.94,"Banana","Sub1B"
"Sub1","B","d1",5.49,"Banana","Sub1B"
"Sub1","B","d2",5.63,"Banana","Sub1B"
"Sub1","B","d3",5.28,"Banana","Sub1B"
"Sub1","C","d0",6.93,"Banana","Sub1C"
"Sub1","C","d1",5.62,"Banana","Sub1C"
"Sub1","C","d2",5.65,"Banana","Sub1C"
"Sub1","C","d3",5.4,"Banana","Sub1C"
"Sub2","A","d0",6.95,"Banana","Sub2A"
"Sub2","A","d1",5.47,"Banana","Sub2A"
"Sub2","A","d2",5.92,"Banana","Sub2A"
"Sub2","A","d3",5.92,"Banana","Sub2A"
"Sub2","B","d0",6.94,"Banana","Sub2B"
"Sub2","B","d1",5.46,"Banana","Sub2B"
"Sub2","B","d2",5.83,"Banana","Sub2B"
"Sub2","B","d3",5.83,"Banana","Sub2B"
"Sub2","C","d0",6.94,"Banana","Sub2C"
"Sub2","C","d1",5.45,"Banana","Sub2C"
"Sub2","C","d2",5.87,"Banana","Sub2C"
"Sub2","C","d3",5.87,"Banana","Sub2C"
"Sub3","A","d0",6.94,"Banana","Sub3A"
"Sub3","A","d1",5.38,"Banana","Sub3A"
"Sub3","A","d2",5.83,"Banana","Sub3A"
"Sub3","A","d3",5.84,"Banana","Sub3A"
"Sub3","B","d0",6.94,"Banana","Sub3B"
"Sub3","B","d1",5.63,"Banana","Sub3B"
"Sub3","B","d2",5.71,"Banana","Sub3B"
"Sub3","B","d3",5.45,"Banana","Sub3B"
"Sub3","C","d0",6.92,"Banana","Sub3C"
"Sub3","C","d1",5.41,"Banana","Sub3C"
"Sub3","C","d2",5.68,"Banana","Sub3C"
"Sub3","C","d3",5.71,"Banana","Sub3C"
"Sub4","A","d0",6.96,"Banana","Sub4A"
"Sub4","A","d1",5.11,"Banana","Sub4A"
"Sub4","A","d2",5.58,"Banana","Sub4A"
"Sub4","A","d3",5.52,"Banana","Sub4A"
"Sub4","B","d0",6.94,"Banana","Sub4B"
"Sub4","B","d1",5.29,"Banana","Sub4B"
"Sub4","B","d2",5.68,"Banana","Sub4B"
"Sub4","B","d3",5.61,"Banana","Sub4B"
"Sub4","C","d0",6.91,"Banana","Sub4C"
"Sub4","C","d1",5.18,"Banana","Sub4C"
"Sub4","C","d2",5.64,"Banana","Sub4C"
"Sub4","C","d3",5.57,"Banana","Sub4C"
"Sub5","A","d0",6.98,"Banana","Sub5A"
"Sub5","A","d1",4.87,"Banana","Sub5A"
"Sub5","A","d2",5.02,"Banana","Sub5A"
"Sub5","A","d3",4.97,"Banana","Sub5A"
"Sub5","B","d0",6.97,"Banana","Sub5B"
"Sub5","B","d1",5.2,"Banana","Sub5B"
"Sub5","B","d2",5.18,"Banana","Sub5B"
"Sub5","B","d3",5.14,"Banana","Sub5B"
"Sub5","C","d0",6.96,"Banana","Sub5C"
"Sub5","C","d1",5.47,"Banana","Sub5C"
"Sub5","C","d2",5.51,"Banana","Sub5C"
"Sub5","C","d3",5.01,"Banana","Sub5C"
"Media only","A","d0",7.11,"13Bean","Media onlyA"
"Media only","A","d1",7.22,"13Bean","Media onlyA"
"Media only","A","d2",7.29,"13Bean","Media onlyA"
"Media only","A","d3",7.39,"13Bean","Media onlyA"
"Media only","B","d0",7.05,"13Bean","Media onlyB"
"Media only","B","d1",7.16,"13Bean","Media onlyB"
"Media only","B","d2",7.27,"13Bean","Media onlyB"
"Media only","B","d3",7.36,"13Bean","Media onlyB"
"Media only","C","d0",7.03,"13Bean","Media onlyC"
"Media only","C","d1",7.15,"13Bean","Media onlyC"
"Media only","C","d2",7.26,"13Bean","Media onlyC"
"Media only","C","d3",7.34,"13Bean","Media onlyC"
"Media & fiber","A","d0",6.88,"13Bean","Media & fiberA"
"Media & fiber","A","d1",6.95,"13Bean","Media & fiberA"
"Media & fiber","A","d2",7.09,"13Bean","Media & fiberA"
"Media & fiber","A","d3",7.14,"13Bean","Media & fiberA"
"Media & fiber","B","d0",6.85,"13Bean","Media & fiberB"
"Media & fiber","B","d1",6.93,"13Bean","Media & fiberB"
"Media & fiber","B","d2",7.07,"13Bean","Media & fiberB"
"Media & fiber","B","d3",7.12,"13Bean","Media & fiberB"
"Media & fiber","C","d0",6.85,"13Bean","Media & fiberC"
"Media & fiber","C","d1",6.91,"13Bean","Media & fiberC"
"Media & fiber","C","d2",7.05,"13Bean","Media & fiberC"
"Media & fiber","C","d3",7.11,"13Bean","Media & fiberC"
"Sub1","A","d0",6.77,"13Bean","Sub1A"
"Sub1","A","d1",5.9,"13Bean","Sub1A"
"Sub1","A","d2",6.03,"13Bean","Sub1A"
"Sub1","A","d3",6.06,"13Bean","Sub1A"
"Sub1","B","d0",6.79,"13Bean","Sub1B"
"Sub1","B","d1",5.92,"13Bean","Sub1B"
"Sub1","B","d2",6.06,"13Bean","Sub1B"
"Sub1","B","d3",6.11,"13Bean","Sub1B"
"Sub1","C","d0",6.79,"13Bean","Sub1C"
"Sub1","C","d1",5.88,"13Bean","Sub1C"
"Sub1","C","d2",6.03,"13Bean","Sub1C"
"Sub1","C","d3",6.08,"13Bean","Sub1C"
"Sub2","A","d0",6.89,"13Bean","Sub2A"
"Sub2","A","d1",5.42,"13Bean","Sub2A"
"Sub2","A","d2",5.71,"13Bean","Sub2A"
"Sub2","A","d3",5.85,"13Bean","Sub2A"
"Sub2","B","d0",6.84,"13Bean","Sub2B"
"Sub2","B","d1",5.39,"13Bean","Sub2B"
"Sub2","B","d2",5.63,"13Bean","Sub2B"
"Sub2","B","d3",5.72,"13Bean","Sub2B"
"Sub2","C","d0",6.82,"13Bean","Sub2C"
"Sub2","C","d1",5.49,"13Bean","Sub2C"
"Sub2","C","d2",5.68,"13Bean","Sub2C"
"Sub2","C","d3",5.8,"13Bean","Sub2C"
"Sub3","A","d0",7,"13Bean","Sub3A"
"Sub3","A","d1",5.63,"13Bean","Sub3A"
"Sub3","A","d2",5.62,"13Bean","Sub3A"
"Sub3","A","d3",5.61,"13Bean","Sub3A"
"Sub3","B","d0",6.84,"13Bean","Sub3B"
"Sub3","B","d1",5.57,"13Bean","Sub3B"
"Sub3","B","d2",5.53,"13Bean","Sub3B"
"Sub3","B","d3",5.54,"13Bean","Sub3B"
"Sub3","C","d0",6.79,"13Bean","Sub3C"
"Sub3","C","d1",5.56,"13Bean","Sub3C"
"Sub3","C","d2",5.47,"13Bean","Sub3C"
"Sub3","C","d3",5.5,"13Bean","Sub3C"
"Sub4","A","d0",6.86,"13Bean","Sub4A"
"Sub4","A","d1",5.31,"13Bean","Sub4A"
"Sub4","A","d2",5.58,"13Bean","Sub4A"
"Sub4","A","d3",5.49,"13Bean","Sub4A"
"Sub4","B","d0",6.85,"13Bean","Sub4B"
"Sub4","B","d1",5.31,"13Bean","Sub4B"
"Sub4","B","d2",5.5,"13Bean","Sub4B"
"Sub4","B","d3",5.5,"13Bean","Sub4B"
"Sub4","C","d0",6.81,"13Bean","Sub4C"
"Sub4","C","d1",5.41,"13Bean","Sub4C"
"Sub4","C","d2",5.57,"13Bean","Sub4C"
"Sub4","C","d3",5.58,"13Bean","Sub4C"
"Sub5","A","d0",6.89,"13Bean","Sub5A"
"Sub5","A","d1",5.65,"13Bean","Sub5A"
"Sub5","A","d2",5.71,"13Bean","Sub5A"
"Sub5","A","d3",5.81,"13Bean","Sub5A"
"Sub5","B","d0",6.88,"13Bean","Sub5B"
"Sub5","B","d1",5.6,"13Bean","Sub5B"
"Sub5","B","d2",5.69,"13Bean","Sub5B"
"Sub5","B","d3",5.78,"13Bean","Sub5B"
"Sub5","C","d0",6.87,"13Bean","Sub5C"
"Sub5","C","d1",5.58,"13Bean","Sub5C"
"Sub5","C","d2",5.69,"13Bean","Sub5C"
"Sub5","C","d3",5.77,"13Bean","Sub5C"
"Media only","A","d0",7.14,"CocoFlour","Media onlyA"
"Media only","A","d1",7.14,"CocoFlour","Media onlyA"
"Media only","A","d2",7.19,"CocoFlour","Media onlyA"
"Media only","A","d3",7.13,"CocoFlour","Media onlyA"
"Media only","B","d0",7.09,"CocoFlour","Media onlyB"
"Media only","B","d1",7.1,"CocoFlour","Media onlyB"
"Media only","B","d2",7.16,"CocoFlour","Media onlyB"
"Media only","B","d3",7.11,"CocoFlour","Media onlyB"
"Media only","C","d0",7.09,"CocoFlour","Media onlyC"
"Media only","C","d1",7.09,"CocoFlour","Media onlyC"
"Media only","C","d2",7.15,"CocoFlour","Media onlyC"
"Media only","C","d3",7.1,"CocoFlour","Media onlyC"
"Media & fiber","A","d0",6.98,"CocoFlour","Media & fiberA"
"Media & fiber","A","d1",6.97,"CocoFlour","Media & fiberA"
"Media & fiber","A","d2",7.03,"CocoFlour","Media & fiberA"
"Media & fiber","A","d3",6.99,"CocoFlour","Media & fiberA"
"Media & fiber","B","d0",6.96,"CocoFlour","Media & fiberB"
"Media & fiber","B","d1",6.95,"CocoFlour","Media & fiberB"
"Media & fiber","B","d2",7.03,"CocoFlour","Media & fiberB"
"Media & fiber","B","d3",6.98,"CocoFlour","Media & fiberB"
"Media & fiber","C","d0",6.95,"CocoFlour","Media & fiberC"
"Media & fiber","C","d1",6.94,"CocoFlour","Media & fiberC"
"Media & fiber","C","d2",7.02,"CocoFlour","Media & fiberC"
"Media & fiber","C","d3",6.97,"CocoFlour","Media & fiberC"
"Sub1","A","d0",6.91,"CocoFlour","Sub1A"
"Sub1","A","d1",6.54,"CocoFlour","Sub1A"
"Sub1","A","d2",6.4,"CocoFlour","Sub1A"
"Sub1","A","d3",6.34,"CocoFlour","Sub1A"
"Sub1","B","d0",6.91,"CocoFlour","Sub1B"
"Sub1","B","d1",6.48,"CocoFlour","Sub1B"
"Sub1","B","d2",6.46,"CocoFlour","Sub1B"
"Sub1","B","d3",6.38,"CocoFlour","Sub1B"
"Sub1","C","d0",6.91,"CocoFlour","Sub1C"
"Sub1","C","d1",6.29,"CocoFlour","Sub1C"
"Sub1","C","d2",5.86,"CocoFlour","Sub1C"
"Sub1","C","d3",5.74,"CocoFlour","Sub1C"
"Sub2","A","d0",6.94,"CocoFlour","Sub2A"
"Sub2","A","d1",5.92,"CocoFlour","Sub2A"
"Sub2","A","d2",6.06,"CocoFlour","Sub2A"
"Sub2","A","d3",6.03,"CocoFlour","Sub2A"
"Sub2","B","d0",6.92,"CocoFlour","Sub2B"
"Sub2","B","d1",6.66,"CocoFlour","Sub2B"
"Sub2","B","d2",6.44,"CocoFlour","Sub2B"
"Sub2","B","d3",6.17,"CocoFlour","Sub2B"
"Sub2","C","d0",6.89,"CocoFlour","Sub2C"
"Sub2","C","d1",6.62,"CocoFlour","Sub2C"
"Sub2","C","d2",6.44,"CocoFlour","Sub2C"
"Sub2","C","d3",6.24,"CocoFlour","Sub2C"
"Sub3","A","d0",7,"CocoFlour","Sub3A"
"Sub3","A","d1",5.83,"CocoFlour","Sub3A"
"Sub3","A","d2",6.02,"CocoFlour","Sub3A"
"Sub3","A","d3",5.93,"CocoFlour","Sub3A"
"Sub3","B","d0",6.96,"CocoFlour","Sub3B"
"Sub3","B","d1",5.85,"CocoFlour","Sub3B"
"Sub3","B","d2",6.01,"CocoFlour","Sub3B"
"Sub3","B","d3",5.91,"CocoFlour","Sub3B"
"Sub3","C","d0",6.94,"CocoFlour","Sub3C"
"Sub3","C","d1",5.76,"CocoFlour","Sub3C"
"Sub3","C","d2",6.01,"CocoFlour","Sub3C"
"Sub3","C","d3",5.9,"CocoFlour","Sub3C"
"Sub4","A","d0",7,"CocoFlour","Sub4A"
"Sub4","A","d1",6.5,"CocoFlour","Sub4A"
"Sub4","A","d2",6.63,"CocoFlour","Sub4A"
"Sub4","A","d3",6.57,"CocoFlour","Sub4A"
"Sub4","B","d0",6.96,"CocoFlour","Sub4B"
"Sub4","B","d1",5.45,"CocoFlour","Sub4B"
"Sub4","B","d2",6.64,"CocoFlour","Sub4B"
"Sub4","B","d3",6.57,"CocoFlour","Sub4B"
"Sub4","C","d0",6.94,"CocoFlour","Sub4C"
"Sub4","C","d1",6.43,"CocoFlour","Sub4C"
"Sub4","C","d2",6.44,"CocoFlour","Sub4C"
"Sub4","C","d3",6.54,"CocoFlour","Sub4C"
"Sub5","A","d0",7,"CocoFlour","Sub5A"
"Sub5","A","d1",6.42,"CocoFlour","Sub5A"
"Sub5","A","d2",6.44,"CocoFlour","Sub5A"
"Sub5","A","d3",6.34,"CocoFlour","Sub5A"
"Sub5","B","d0",6.98,"CocoFlour","Sub5B"
"Sub5","B","d1",6.4,"CocoFlour","Sub5B"
"Sub5","B","d2",6.36,"CocoFlour","Sub5B"
"Sub5","B","d3",6.36,"CocoFlour","Sub5B"
"Sub5","C","d0",6.98,"CocoFlour","Sub5C"
"Sub5","C","d1",6.31,"CocoFlour","Sub5C"
"Sub5","C","d2",6.4,"CocoFlour","Sub5C"
"Sub5","C","d3",6.3,"CocoFlour","Sub5C"
"Media only","A","d0",7.02,"Flax","Media onlyA"
"Media only","A","d1",6.74,"Flax","Media onlyA"
"Media only","A","d2",7.26,"Flax","Media onlyA"
"Media only","A","d3",7.15,"Flax","Media onlyA"
"Media only","B","d0",7.01,"Flax","Media onlyB"
"Media only","B","d1",6.72,"Flax","Media onlyB"
"Media only","B","d2",7.21,"Flax","Media onlyB"
"Media only","B","d3",7.14,"Flax","Media onlyB"
"Media only","C","d0",7.03,"Flax","Media onlyC"
"Media only","C","d1",6.72,"Flax","Media onlyC"
"Media only","C","d2",7.21,"Flax","Media onlyC"
"Media only","C","d3",7.13,"Flax","Media onlyC"
"Media & fiber","A","d0",6.77,"Flax","Media & fiberA"
"Media & fiber","A","d1",6.36,"Flax","Media & fiberA"
"Media & fiber","A","d2",6.82,"Flax","Media & fiberA"
"Media & fiber","A","d3",6.77,"Flax","Media & fiberA"
"Media & fiber","B","d0",6.65,"Flax","Media & fiberB"
"Media & fiber","B","d1",6.3,"Flax","Media & fiberB"
"Media & fiber","B","d2",6.79,"Flax","Media & fiberB"
"Media & fiber","B","d3",6.77,"Flax","Media & fiberB"
"Media & fiber","C","d0",6.7,"Flax","Media & fiberC"
"Media & fiber","C","d1",6.29,"Flax","Media & fiberC"
"Media & fiber","C","d2",6.78,"Flax","Media & fiberC"
"Media & fiber","C","d3",6.76,"Flax","Media & fiberC"
"Sub1","A","d0",6.73,"Flax","Sub1A"
"Sub1","A","d1",5.88,"Flax","Sub1A"
"Sub1","A","d2",6.06,"Flax","Sub1A"
"Sub1","A","d3",5.89,"Flax","Sub1A"
"Sub1","B","d0",6.69,"Flax","Sub1B"
"Sub1","B","d1",5.68,"Flax","Sub1B"
"Sub1","B","d2",5.95,"Flax","Sub1B"
"Sub1","B","d3",5.84,"Flax","Sub1B"
"Sub1","C","d0",6.7,"Flax","Sub1C"
"Sub1","C","d1",5.84,"Flax","Sub1C"
"Sub1","C","d2",6.15,"Flax","Sub1C"
"Sub1","C","d3",6.05,"Flax","Sub1C"
"Sub2","A","d0",6.71,"Flax","Sub2A"
"Sub2","A","d1",5.86,"Flax","Sub2A"
"Sub2","A","d2",6.05,"Flax","Sub2A"
"Sub2","A","d3",5.92,"Flax","Sub2A"
"Sub2","B","d0",6.73,"Flax","Sub2B"
"Sub2","B","d1",5.89,"Flax","Sub2B"
"Sub2","B","d2",5.97,"Flax","Sub2B"
"Sub2","B","d3",5.72,"Flax","Sub2B"
"Sub2","C","d0",6.77,"Flax","Sub2C"
"Sub2","C","d1",5.9,"Flax","Sub2C"
"Sub2","C","d2",6.05,"Flax","Sub2C"
"Sub2","C","d3",5.85,"Flax","Sub2C"
"Sub3","A","d0",6.72,"Flax","Sub3A"
"Sub3","A","d1",5.62,"Flax","Sub3A"
"Sub3","A","d2",5.83,"Flax","Sub3A"
"Sub3","A","d3",5.74,"Flax","Sub3A"
"Sub3","B","d0",6.74,"Flax","Sub3B"
"Sub3","B","d1",5.6,"Flax","Sub3B"
"Sub3","B","d2",5.88,"Flax","Sub3B"
"Sub3","B","d3",5.93,"Flax","Sub3B"
"Sub3","C","d0",6.71,"Flax","Sub3C"
"Sub3","C","d1",5.55,"Flax","Sub3C"
"Sub3","C","d2",5.83,"Flax","Sub3C"
"Sub3","C","d3",5.95,"Flax","Sub3C"
"Sub4","A","d0",6.74,"Flax","Sub4A"
"Sub4","A","d1",5.59,"Flax","Sub4A"
"Sub4","A","d2",6.15,"Flax","Sub4A"
"Sub4","A","d3",5.95,"Flax","Sub4A"
"Sub4","B","d0",6.75,"Flax","Sub4B"
"Sub4","B","d1",5.58,"Flax","Sub4B"
"Sub4","B","d2",6.12,"Flax","Sub4B"
"Sub4","B","d3",5.95,"Flax","Sub4B"
"Sub4","C","d0",6.76,"Flax","Sub4C"
"Sub4","C","d1",5.59,"Flax","Sub4C"
"Sub4","C","d2",6.06,"Flax","Sub4C"
"Sub4","C","d3",6,"Flax","Sub4C"
"Sub5","A","d0",6.81,"Flax","Sub5A"
"Sub5","A","d1",5.83,"Flax","Sub5A"
"Sub5","A","d2",6.03,"Flax","Sub5A"
"Sub5","A","d3",5.94,"Flax","Sub5A"
"Sub5","B","d0",6.78,"Flax","Sub5B"
"Sub5","B","d1",5.86,"Flax","Sub5B"
"Sub5","B","d2",6.13,"Flax","Sub5B"
"Sub5","B","d3",6.1,"Flax","Sub5B"
"Sub5","C","d0",6.76,"Flax","Sub5C"
"Sub5","C","d1",5.82,"Flax","Sub5C"
"Sub5","C","d2",5.97,"Flax","Sub5C"
"Sub5","C","d3",5.97,"Flax","Sub5C"
"Media only","A","d0",7.13,"Kale","Media onlyA"
"Media only","A","d1",6.82,"Kale","Media onlyA"
"Media only","A","d2",7.26,"Kale","Media onlyA"
"Media only","A","d3",7.23,"Kale","Media onlyA"
"Media only","B","d0",7.14,"Kale","Media onlyB"
"Media only","B","d1",6.79,"Kale","Media onlyB"
"Media only","B","d2",7.24,"Kale","Media onlyB"
"Media only","B","d3",7.2,"Kale","Media onlyB"
"Media only","C","d0",7.12,"Kale","Media onlyC"
"Media only","C","d1",6.77,"Kale","Media onlyC"
"Media only","C","d2",7.25,"Kale","Media onlyC"
"Media only","C","d3",7.19,"Kale","Media onlyC"
"Media & fiber","A","d0",6.95,"Kale","Media & fiberA"
"Media & fiber","A","d1",6.63,"Kale","Media & fiberA"
"Media & fiber","A","d2",7.04,"Kale","Media & fiberA"
"Media & fiber","A","d3",6.96,"Kale","Media & fiberA"
"Media & fiber","B","d0",6.98,"Kale","Media & fiberB"
"Media & fiber","B","d1",6.59,"Kale","Media & fiberB"
"Media & fiber","B","d2",7,"Kale","Media & fiberB"
"Media & fiber","B","d3",6.94,"Kale","Media & fiberB"
"Media & fiber","C","d0",6.97,"Kale","Media & fiberC"
"Media & fiber","C","d1",6.58,"Kale","Media & fiberC"
"Media & fiber","C","d2",7,"Kale","Media & fiberC"
"Media & fiber","C","d3",6.93,"Kale","Media & fiberC"
"Sub1","A","d0",6.86,"Kale","Sub1A"
"Sub1","A","d1",5.91,"Kale","Sub1A"
"Sub1","A","d2",6.24,"Kale","Sub1A"
"Sub1","A","d3",6.24,"Kale","Sub1A"
"Sub1","B","d0",6.88,"Kale","Sub1B"
"Sub1","B","d1",5.89,"Kale","Sub1B"
"Sub1","B","d2",6.24,"Kale","Sub1B"
"Sub1","B","d3",6.2,"Kale","Sub1B"
"Sub1","C","d0",6.86,"Kale","Sub1C"
"Sub1","C","d1",5.87,"Kale","Sub1C"
"Sub1","C","d2",6.17,"Kale","Sub1C"
"Sub1","C","d3",6.16,"Kale","Sub1C"
"Sub2","A","d0",6.88,"Kale","Sub2A"
"Sub2","A","d1",5.9,"Kale","Sub2A"
"Sub2","A","d2",6.33,"Kale","Sub2A"
"Sub2","A","d3",6.28,"Kale","Sub2A"
"Sub2","B","d0",6.89,"Kale","Sub2B"
"Sub2","B","d1",5.92,"Kale","Sub2B"
"Sub2","B","d2",6.3,"Kale","Sub2B"
"Sub2","B","d3",6.21,"Kale","Sub2B"
"Sub2","C","d0",6.86,"Kale","Sub2C"
"Sub2","C","d1",5.85,"Kale","Sub2C"
"Sub2","C","d2",6.32,"Kale","Sub2C"
"Sub2","C","d3",6.23,"Kale","Sub2C"
"Sub3","A","d0",6.88,"Kale","Sub3A"
"Sub3","A","d1",5.7,"Kale","Sub3A"
"Sub3","A","d2",6.03,"Kale","Sub3A"
"Sub3","A","d3",6,"Kale","Sub3A"
"Sub3","B","d0",6.86,"Kale","Sub3B"
"Sub3","B","d1",5.77,"Kale","Sub3B"
"Sub3","B","d2",6.05,"Kale","Sub3B"
"Sub3","B","d3",6,"Kale","Sub3B"
"Sub3","C","d0",6.87,"Kale","Sub3C"
"Sub3","C","d1",5.7,"Kale","Sub3C"
"Sub3","C","d2",6.05,"Kale","Sub3C"
"Sub3","C","d3",6.16,"Kale","Sub3C"
"Sub4","A","d0",6.84,"Kale","Sub4A"
"Sub4","A","d1",5.69,"Kale","Sub4A"
"Sub4","A","d2",5.88,"Kale","Sub4A"
"Sub4","A","d3",5.84,"Kale","Sub4A"
"Sub4","B","d0",6.84,"Kale","Sub4B"
"Sub4","B","d1",5.72,"Kale","Sub4B"
"Sub4","B","d2",5.96,"Kale","Sub4B"
"Sub4","B","d3",5.91,"Kale","Sub4B"
"Sub4","C","d0",6.84,"Kale","Sub4C"
"Sub4","C","d1",5.69,"Kale","Sub4C"
"Sub4","C","d2",5.93,"Kale","Sub4C"
"Sub4","C","d3",5.87,"Kale","Sub4C"
"Sub5","A","d0",6.92,"Kale","Sub5A"
"Sub5","A","d1",5.75,"Kale","Sub5A"
"Sub5","A","d2",6.06,"Kale","Sub5A"
"Sub5","A","d3",6.04,"Kale","Sub5A"
"Sub5","B","d0",6.89,"Kale","Sub5B"
"Sub5","B","d1",5.77,"Kale","Sub5B"
"Sub5","B","d2",6.07,"Kale","Sub5B"
"Sub5","B","d3",6.02,"Kale","Sub5B"
"Sub5","C","d0",6.9,"Kale","Sub5C"
"Sub5","C","d1",5.76,"Kale","Sub5C"
"Sub5","C","d2",6.08,"Kale","Sub5C"
"Sub5","C","d3",6.02,"Kale","Sub5C"
"Media only","A","d0",7.02,"MSPrebio","Media onlyA"
"Media only","A","d1",7.23,"MSPrebio","Media onlyA"
"Media only","A","d2",7.3,"MSPrebio","Media onlyA"
"Media only","A","d3",7.21,"MSPrebio","Media onlyA"
"Media only","B","d0",7.02,"MSPrebio","Media onlyB"
"Media only","B","d1",7.21,"MSPrebio","Media onlyB"
"Media only","B","d2",7.27,"MSPrebio","Media onlyB"
"Media only","B","d3",7.21,"MSPrebio","Media onlyB"
"Media only","C","d0",7,"MSPrebio","Media onlyC"
"Media only","C","d1",7.21,"MSPrebio","Media onlyC"
"Media only","C","d2",7.26,"MSPrebio","Media onlyC"
"Media only","C","d3",7.21,"MSPrebio","Media onlyC"
"Media & fiber","A","d0",7.01,"MSPrebio","Media & fiberA"
"Media & fiber","A","d1",7.2,"MSPrebio","Media & fiberA"
"Media & fiber","A","d2",7.21,"MSPrebio","Media & fiberA"
"Media & fiber","A","d3",7.2,"MSPrebio","Media & fiberA"
"Media & fiber","B","d0",7.01,"MSPrebio","Media & fiberB"
"Media & fiber","B","d1",7.19,"MSPrebio","Media & fiberB"
"Media & fiber","B","d2",7.21,"MSPrebio","Media & fiberB"
"Media & fiber","B","d3",7.19,"MSPrebio","Media & fiberB"
"Media & fiber","C","d0",6.98,"MSPrebio","Media & fiberC"
"Media & fiber","C","d1",7.18,"MSPrebio","Media & fiberC"
"Media & fiber","C","d2",7.2,"MSPrebio","Media & fiberC"
"Media & fiber","C","d3",7.19,"MSPrebio","Media & fiberC"
"Sub1","A","d0",6.95,"MSPrebio","Sub1A"
"Sub1","A","d1",5.89,"MSPrebio","Sub1A"
"Sub1","A","d2",5.93,"MSPrebio","Sub1A"
"Sub1","A","d3",5.79,"MSPrebio","Sub1A"
"Sub1","B","d0",6.96,"MSPrebio","Sub1B"
"Sub1","B","d1",5.78,"MSPrebio","Sub1B"
"Sub1","B","d2",5.83,"MSPrebio","Sub1B"
"Sub1","B","d3",5.66,"MSPrebio","Sub1B"
"Sub1","C","d0",6.95,"MSPrebio","Sub1C"
"Sub1","C","d1",5.99,"MSPrebio","Sub1C"
"Sub1","C","d2",6.01,"MSPrebio","Sub1C"
"Sub1","C","d3",5.89,"MSPrebio","Sub1C"
"Sub2","A","d0",6.99,"MSPrebio","Sub2A"
"Sub2","A","d1",4.59,"MSPrebio","Sub2A"
"Sub2","A","d2",4.65,"MSPrebio","Sub2A"
"Sub2","A","d3",4.35,"MSPrebio","Sub2A"
"Sub2","B","d0",6.98,"MSPrebio","Sub2B"
"Sub2","B","d1",4.51,"MSPrebio","Sub2B"
"Sub2","B","d2",4.54,"MSPrebio","Sub2B"
"Sub2","B","d3",4.25,"MSPrebio","Sub2B"
"Sub2","C","d0",6.96,"MSPrebio","Sub2C"
"Sub2","C","d1",4.55,"MSPrebio","Sub2C"
"Sub2","C","d2",4.58,"MSPrebio","Sub2C"
"Sub2","C","d3",4.3,"MSPrebio","Sub2C"
"Sub3","A","d0",6.98,"MSPrebio","Sub3A"
"Sub3","A","d1",4.54,"MSPrebio","Sub3A"
"Sub3","A","d2",4.58,"MSPrebio","Sub3A"
"Sub3","A","d3",4.29,"MSPrebio","Sub3A"
"Sub3","B","d0",6.99,"MSPrebio","Sub3B"
"Sub3","B","d1",4.6,"MSPrebio","Sub3B"
"Sub3","B","d2",4.63,"MSPrebio","Sub3B"
"Sub3","B","d3",4.37,"MSPrebio","Sub3B"
"Sub3","C","d0",6.97,"MSPrebio","Sub3C"
"Sub3","C","d1",4.54,"MSPrebio","Sub3C"
"Sub3","C","d2",4.56,"MSPrebio","Sub3C"
"Sub3","C","d3",4.29,"MSPrebio","Sub3C"
"Sub4","A","d0",7.01,"MSPrebio","Sub4A"
"Sub4","A","d1",4.4,"MSPrebio","Sub4A"
"Sub4","A","d2",4.44,"MSPrebio","Sub4A"
"Sub4","A","d3",4.18,"MSPrebio","Sub4A"
"Sub4","B","d0",6.98,"MSPrebio","Sub4B"
"Sub4","B","d1",4.38,"MSPrebio","Sub4B"
"Sub4","B","d2",4.41,"MSPrebio","Sub4B"
"Sub4","B","d3",4.14,"MSPrebio","Sub4B"
"Sub4","C","d0",6.98,"MSPrebio","Sub4C"
"Sub4","C","d1",4.39,"MSPrebio","Sub4C"
"Sub4","C","d2",4.43,"MSPrebio","Sub4C"
"Sub4","C","d3",4.16,"MSPrebio","Sub4C"
"Sub5","A","d0",7.04,"MSPrebio","Sub5A"
"Sub5","A","d1",5.64,"MSPrebio","Sub5A"
"Sub5","A","d2",5.73,"MSPrebio","Sub5A"
"Sub5","A","d3",5.53,"MSPrebio","Sub5A"
"Sub5","B","d0",7.03,"MSPrebio","Sub5B"
"Sub5","B","d1",5.72,"MSPrebio","Sub5B"
"Sub5","B","d2",5.81,"MSPrebio","Sub5B"
"Sub5","B","d3",5.64,"MSPrebio","Sub5B"
"Sub5","C","d0",7.02,"MSPrebio","Sub5C"
"Sub5","C","d1",5.99,"MSPrebio","Sub5C"
"Sub5","C","d2",6.05,"MSPrebio","Sub5C"
"Sub5","C","d3",5.91,"MSPrebio","Sub5C"
"Media only","A","d0",7.31,"Sunfiber","Media onlyA"
"Media only","A","d1",7.33,"Sunfiber","Media onlyA"
"Media only","A","d2",7.53,"Sunfiber","Media onlyA"
"Media only","A","d3",7.47,"Sunfiber","Media onlyA"
"Media only","B","d0",7.24,"Sunfiber","Media onlyB"
"Media only","B","d1",7.32,"Sunfiber","Media onlyB"
"Media only","B","d2",7.49,"Sunfiber","Media onlyB"
"Media only","B","d3",7.45,"Sunfiber","Media onlyB"
"Media only","C","d0",7.23,"Sunfiber","Media onlyC"
"Media only","C","d1",7.3,"Sunfiber","Media onlyC"
"Media only","C","d2",7.47,"Sunfiber","Media onlyC"
"Media only","C","d3",7.43,"Sunfiber","Media onlyC"
"Media & fiber","A","d0",7.18,"Sunfiber","Media & fiberA"
"Media & fiber","A","d1",7.24,"Sunfiber","Media & fiberA"
"Media & fiber","A","d2",7.56,"Sunfiber","Media & fiberA"
"Media & fiber","A","d3",7.38,"Sunfiber","Media & fiberA"
"Media & fiber","B","d0",7.17,"Sunfiber","Media & fiberB"
"Media & fiber","B","d1",7.32,"Sunfiber","Media & fiberB"
"Media & fiber","B","d2",7.46,"Sunfiber","Media & fiberB"
"Media & fiber","B","d3",7.37,"Sunfiber","Media & fiberB"
"Media & fiber","C","d0",7.18,"Sunfiber","Media & fiberC"
"Media & fiber","C","d1",7.3,"Sunfiber","Media & fiberC"
"Media & fiber","C","d2",7.45,"Sunfiber","Media & fiberC"
"Media & fiber","C","d3",7.35,"Sunfiber","Media & fiberC"
"Sub1","A","d0",7.11,"Sunfiber","Sub1A"
"Sub1","A","d1",6.14,"Sunfiber","Sub1A"
"Sub1","A","d2",6.31,"Sunfiber","Sub1A"
"Sub1","A","d3",6.27,"Sunfiber","Sub1A"
"Sub1","B","d0",7.1,"Sunfiber","Sub1B"
"Sub1","B","d1",6.22,"Sunfiber","Sub1B"
"Sub1","B","d2",6.36,"Sunfiber","Sub1B"
"Sub1","B","d3",6.27,"Sunfiber","Sub1B"
"Sub1","C","d0",7.11,"Sunfiber","Sub1C"
"Sub1","C","d1",6.16,"Sunfiber","Sub1C"
"Sub1","C","d2",6.34,"Sunfiber","Sub1C"
"Sub1","C","d3",6.21,"Sunfiber","Sub1C"
"Sub2","A","d0",7.16,"Sunfiber","Sub2A"
"Sub2","A","d1",5.01,"Sunfiber","Sub2A"
"Sub2","A","d2",4.75,"Sunfiber","Sub2A"
"Sub2","A","d3",4.92,"Sunfiber","Sub2A"
"Sub2","B","d0",7.14,"Sunfiber","Sub2B"
"Sub2","B","d1",5.02,"Sunfiber","Sub2B"
"Sub2","B","d2",4.88,"Sunfiber","Sub2B"
"Sub2","B","d3",4.94,"Sunfiber","Sub2B"
"Sub2","C","d0",7.12,"Sunfiber","Sub2C"
"Sub2","C","d1",5.01,"Sunfiber","Sub2C"
"Sub2","C","d2",4.94,"Sunfiber","Sub2C"
"Sub2","C","d3",4.92,"Sunfiber","Sub2C"
"Sub3","A","d0",7.16,"Sunfiber","Sub3A"
"Sub3","A","d1",6.38,"Sunfiber","Sub3A"
"Sub3","A","d2",6.4,"Sunfiber","Sub3A"
"Sub3","A","d3",6.13,"Sunfiber","Sub3A"
"Sub3","B","d0",7.16,"Sunfiber","Sub3B"
"Sub3","B","d1",6.36,"Sunfiber","Sub3B"
"Sub3","B","d2",6.34,"Sunfiber","Sub3B"
"Sub3","B","d3",6.18,"Sunfiber","Sub3B"
"Sub3","C","d0",7.12,"Sunfiber","Sub3C"
"Sub3","C","d1",6.39,"Sunfiber","Sub3C"
"Sub3","C","d2",6.38,"Sunfiber","Sub3C"
"Sub3","C","d3",6.25,"Sunfiber","Sub3C"
"Sub4","A","d0",7.15,"Sunfiber","Sub4A"
"Sub4","A","d1",5.18,"Sunfiber","Sub4A"
"Sub4","A","d2",5.08,"Sunfiber","Sub4A"
"Sub4","A","d3",4.85,"Sunfiber","Sub4A"
"Sub4","B","d0",7.13,"Sunfiber","Sub4B"
"Sub4","B","d1",5.17,"Sunfiber","Sub4B"
"Sub4","B","d2",5.09,"Sunfiber","Sub4B"
"Sub4","B","d3",5.02,"Sunfiber","Sub4B"
"Sub4","C","d0",7.11,"Sunfiber","Sub4C"
"Sub4","C","d1",5.16,"Sunfiber","Sub4C"
"Sub4","C","d2",5.08,"Sunfiber","Sub4C"
"Sub4","C","d3",4.97,"Sunfiber","Sub4C"
"Sub5","A","d0",7.16,"Sunfiber","Sub5A"
"Sub5","A","d1",6,"Sunfiber","Sub5A"
"Sub5","A","d2",5.56,"Sunfiber","Sub5A"
"Sub5","A","d3",4.86,"Sunfiber","Sub5A"
"Sub5","B","d0",7.16,"Sunfiber","Sub5B"
"Sub5","B","d1",6.08,"Sunfiber","Sub5B"
"Sub5","B","d2",5.63,"Sunfiber","Sub5B"
"Sub5","B","d3",5.39,"Sunfiber","Sub5B"
"Sub5","C","d0",7.16,"Sunfiber","Sub5C"
"Sub5","C","d1",6.53,"Sunfiber","Sub5C"
"Sub5","C","d2",6.51,"Sunfiber","Sub5C"
"Sub5","C","d3",6.47,"Sunfiber","Sub5C"
