"Subject","Day","Rep","Treat","Control_batch","Acetic Acid","Propionic Acid","Butyric Acid","Lactic Acid","Isobutyric Acid","Valeric Acid","IsoValeric Acid","2-MethylButyric Acid","Caproic Acid","2,2-DimethylButyric Acid","2-MethylValeric Acid","3-MethylValeric Acid","4-MethylValeric Acid","Succinic Acid","Indole-3-Propionic Acid","Indole-3-Butyric Acid","indole-3-Acetic Acid","Indole-3-Lactic Acid"
"Sub1","d0","A","Ctl-S",1,6.83389360448291,20.1284833375183,7.3874224292235,1.51319519694148,0.42707270857239,2.30255236797546,0.72625204861944,0.0905723035374372,0.0813006949392305,0,0,0,0.00175655166451326,6.38003595745654,0.0185906592735111,0.00165517495248903,0.0138230079349445,0
"Sub1","d0","B","Ctl-S",1,12.9022983355505,29.4697845858067,10.2868217086542,2.1299889998831,0.34617372439318,2.08891663539383,0.601942254156123,0.0853706670701389,0,0,0,0,0.000947610126300443,4.66692388606489,0.0188275296470816,0.00186777144255566,0.00758845151622748,0
"Sub1","d0","C","Ctl-S",1,5.00273820170436,18.5946606890457,6.7940709679379,1.18411739929716,0.383151429262033,2.59671095380452,0.71450411695747,0.067467552881441,0,0,0,0,0.000859221980186406,5.32990628072228,0.0181526319939416,0.00161953169475757,0.0126114631269002,0
"Sub1","d1","A","Ctl-S",1,132.288405373721,31.957049075089,16.0367870824359,18.1629211745491,0.886711531812028,2.07493897910121,1.54948769849829,3.99783352886733,0,0,0,0,0.000917794912518253,96.66382922319,0.0131895389732479,0.0013964269957602,0.0102437394740061,0
"Sub1","d1","B","Ctl-S",1,138.005885117811,33.5798061885912,17.2008927549755,15.6316049119925,1.02688254281055,2.21095396501357,2.10662482255727,4.0124462788048,0,0,0,0,0.000813564502236944,121.890229448586,0.0129556609261994,0.00275672568703587,0.0089940421767632,0
"Sub1","d1","C","Ctl-S",1,128.548805292637,34.3291039175412,18.3462216067587,14.4791260140703,1.11499470897,2.48388864671012,2.09011493061982,3.75173019623939,0,0,0,0,0.00084167941850046,135.467241943149,0.0159414406851114,0.00069216494915348,0.00806150694326719,0
"Sub1","d2","A","Ctl-S",1,2636.22531066167,612.429696652868,312.844893821197,343.733405013392,0.882068339872386,2.1687789716907,1.54729086426073,3.26321404477238,0,0,0,0,0.000912516840857932,82.4197323786097,0.012964079371953,0.00179303205938453,0.00453276292699307,0
"Sub1","d2","B","Ctl-S",1,1069.76828034661,245.888561611233,125.898382489392,128.749912986345,0.929869554383883,1.91576156764273,1.72659229397348,3.57786139951022,0,0,0,0,0.00103305347976499,71.3995813115652,0.0122366904225889,0.00227689160397587,0.00801722148511751,0
"Sub1","d2","C","Ctl-S",1,1386.10451370341,335.541944049072,166.232062490624,111.457048810189,0.842788327252706,2.19553846844361,1.66020800323196,3.14442137719717,0,0,0,0,0.00120635431889973,88.5962309919092,0.0116661851537785,0.00296267720287116,0.00320983346605593,0
"Sub1","d3","A","Ctl-S",1,52.92740781341,14.0279421441886,7.75687065457386,6.29513877892563,0.983466446600448,2.46946598576835,1.80519479677465,0.0947215562767638,0,0,0,0,0.00194003590756717,105.725009379933,0.012887460237258,0.00358059104816432,0.0094778247554611,0
"Sub1","d3","B","Ctl-S",1,104.482999525441,26.7755327741124,13.8725023459876,10.2498775990487,1.0840926311312,2.28818739447774,2.17642332653859,0.103891903868699,0,0,0,0,0.00183293876818138,99.9786616991316,0.0141233285963105,0.00146944005373307,0.0121391949666392,0
"Sub1","d3","C","Ctl-S",1,109.837104325186,30.5671785686446,15.7723751369322,10.878033494859,1.11371364677381,2.67892843527601,2.13755285787495,0.0844955870241382,0,0,0,0,0.00168914735096954,108.630659220805,0.0117933825178697,0.00230535822337545,0.00819550849137806,0
"Sub2","d0","A","Ctl-S",1,5.88194880902926,7.42248019393521,5.74464001751035,1.53498453988116,1.08408029252904,4.07705308603659,1.49966289087604,0.093310102000614,3.33076508010366,0,0,0,0.00120523182418958,17.5575705119859,0.0123591812060889,0.00426620484967567,0.0196867463747648,0
"Sub2","d0","B","Ctl-S",1,3.5185601309149,6.86013459570351,5.75183588931208,1.32782169106777,1.03499738136007,4.00449449810583,1.39508352917824,0.0882400230005981,3.24426762037351,0,0,0,0.00128737587506948,15.7427270511893,0.0126779981284679,0.0019123056183998,0.0189254289649682,0
"Sub2","d0","C","Ctl-S",1,7.9062319116133,8.63889876633501,6.5458819403062,2.67045816346061,1.0664251708158,3.80940058597725,1.41005914528282,0.0956791592736867,2.83544414444976,0,0,0,0.00110821593399128,12.9417158644912,0.0136409806242914,0.00751581512391123,0.020560592995839,0
"Sub2","d1","A","Ctl-S",1,83.533620386049,64.7077650825555,147.750651670796,0,17.7208201005357,20.1314498866854,35.9101801162194,7.66159681365198,3.60778361286664,0,0,0,0.387545821830408,0,0.0112997128904516,0.00146542249951782,0.0755948781067411,0
"Sub2","d1","B","Ctl-S",1,79.2136646628922,53.3313324424258,80.9629008228168,0,11.1467208254096,9.09255645635572,15.5806150604539,4.93435178536634,2.73682957816064,0,0,0,2.80901666314596,0,0.0134104810180801,0.000601570169126701,0.151940414330186,0
"Sub2","d1","C","Ctl-S",1,103.864842527763,34.4391663461123,42.2278096297823,4.91269454957331,6.49146738952462,4.91864479056328,10.773453205415,7.78744332376961,3.14997885258142,0,0,0,1.07808887552378,14.0613998225002,0.0132645907301292,0.00522076495358124,0.0549468979037912,0
"Sub2","d2","A","Ctl-S",1,756.771154127957,1585.21246909886,5271.73348609377,188.405950761116,34.2068759618487,125.838382085324,46.7098681707621,1.37367214297641,5.65874377769518,0,0,0,0.412505966948401,0,0.0340886088127117,0.0025096863225885,0.836675143388672,0
"Sub2","d2","B","Ctl-S",1,1491.12483592116,2847.10825511682,7006.58254664122,79.1943716232898,31.7165886855151,64.6832564473619,28.6185852435448,1.42380143252258,2.65169797979407,0,0,0,2.53290541767705,0,0.0159358070117442,0.00580829553900679,0.315326136145377,0
"Sub2","d2","C","Ctl-S",1,2306.80394042866,772.591968418224,874.536898557725,132.962281516716,6.57310210830557,5.13674093714853,11.2223794386991,2.36892181284203,3.2017422662043,0,0,0,1.16507825997712,11.987971557318,0.0137428230907303,0.00298476447865223,0.0509317725251221,0
"Sub2","d3","A","Ctl-S",1,299.948522547191,530.857080371308,1835.95811779064,28.9484484949949,39.3498747800856,138.643328369935,55.3892440613215,1.80763474915329,6.042853599388,0,0,0,0.514502055131733,0,0.170980744137568,0.00467385300899256,2.53908335288775,0
"Sub2","d3","B","Ctl-S",1,346.130472684355,666.071012424497,1833.26713405076,4.80917607981171,40.7433135521771,87.6581697528699,30.1316401593457,1.89105405302977,3.19348275822415,0,0,0,2.78935772097144,0,0.0335722536495137,0.0013481623401366,0.826473407944231,0
"Sub2","d3","C","Ctl-S",1,575.328882167489,197.735735616407,226.998524091781,27.6792097759638,7.36689582224718,5.70323004821724,12.3589810964528,2.62934703491621,3.29813060359135,0,0,0,1.22122186550386,11.1693028117916,0.0142707819103004,0.00301665433979431,0.0651805714268906,0
"Sub3","d0","A","Ctl-S",1,8.44324409192946,10.0670395154705,5.6380108575671,2.43768406631757,0.995333327321353,3.34114729711441,1.50605164657374,1.75897151419928,2.10690155394169,0,0,0,0.00798896149477111,10.4767473523384,0.00445687081775076,0.00265447441791424,0.0307563601696316,0
"Sub3","d0","B","Ctl-S",1,7.35857845687451,9.67825103338066,5.37641705050797,2.32332217077828,0.779823271085845,2.80790423838966,1.22489481489944,2.19142867222206,1.83290903255801,0,0,0,0.00597986840043534,7.91450230554789,0.0040374347530643,0.000775091457536605,0.0256124400477859,0
"Sub3","d0","C","Ctl-S",1,11.5137819106658,11.5184633755191,6.25751214046229,3.2494733437168,0.934820564893591,3.3512998589092,1.49881298730243,1.44407783597153,2.12797149403451,0,0,0,0.00695395609561321,8.74706047400455,0.00503427142181829,0.00403781050751987,0.0271463147854321,0
"Sub3","d1","A","Ctl-S",1,74.4461278521694,9.26306891529584,5.72575136198548,6.39919740379719,2.01052970699858,2.69402718665451,4.07394596105295,0.110239034758284,1.72261895806737,0,0,0,0.230771352394558,68.7546553201044,0.00373823528320141,0.00126677490244788,0.0358124565725714,0
"Sub3","d1","B","Ctl-S",1,85.5209790798124,10.4819211017973,6.90016883395535,7.24660252106164,2.61737293212144,2.76865008387889,5.43721598506956,0.0975745146215266,1.82180404630259,0,0,0,0.241311579733058,92.5213202598007,0.00377708539204778,0.0060243590258209,0.0320227544473813,0
"Sub3","d1","C","Ctl-S",1,76.7624048491072,12.4633694614244,8.29777684875724,7.53844952687379,2.88199230888782,3.14493746199925,6.18212528299226,0.126214570248066,2.05976046776697,0,0,0,0.316289981915915,85.5792875766943,0.00384582590679091,0.00156777696802572,0.0459384914945153,0
"Sub3","d2","A","Ctl-S",1,1491.63056114795,185.123815842524,117.679714434072,102.9758005762,2.27705434899766,2.85853157438379,4.55752815665238,2.37963538449746,2.06736391923585,0,0,0,0.252023561079747,63.8956726778078,0.00419583661036578,0.00242089168230548,0.0362570498940669,0
"Sub3","d2","B","Ctl-S",1,1221.64616777837,161.776400462084,101.183189714643,94.6109982879956,2.72650854144825,2.79283049511858,5.69414482393262,1.57010905952654,1.76186528369956,0,0,0,0.271668039383533,76.518983480009,0.00382264883568008,0.00194636369745822,0.0305766683740866,0
"Sub3","d2","C","Ctl-S",1,1247.41574863158,199.373210703108,122.517146140282,125.841739752411,2.56982015977386,2.83293697106584,4.86608581883667,1.51930009634391,1.80503387020625,0,0,0,0.269271481307103,54.9029847665161,0.00476675110837633,0.00214721072085641,0.0420793507765128,0
"Sub3","d3","A","Ctl-S",1,1525.05189799315,200.373951732536,129.211704617701,155.839561327385,2.21566339431599,2.88105602689712,4.3483809957328,2.55787207887483,1.72747537721244,0,0,0,0.245157617836853,46.0811933265408,0.00424357601418105,0.00289867033177568,0.040109479832206,0
"Sub3","d3","B","Ctl-S",1,3541.74265720461,482.172791993088,312.515146920136,322.090268318767,3.0957353098551,3.06266052616983,6.5004146734919,2.27074862464366,1.96821548692125,0,0,0,0.297253780833723,84.1970980478632,0.00463449157636757,0.00185734691588845,0.0395271818871447,0
"Sub3","d3","C","Ctl-S",1,1971.46426222865,329.015911035752,199.448562882881,224.969266889335,3.208095202854,3.02670722395241,6.2303026504774,2.03144766118835,1.90823355611651,0,0,0,0.310243649602551,52.1496489394142,0.00539874585977271,0.00614739097718902,0.0468065919577217,0
"Sub4","d0","A","Ctl-S",1,6.42456321879665,13.4845577095079,8.53921105054865,2.34704046936795,0.69266099727981,2.88753380732216,1.19353164710753,5.4516137517647,0.0740251499557033,0,0,0,0.00239682571329047,20.9751334092012,0.0168141577263459,0.000461481202370813,0.0408316575340554,0
"Sub4","d0","B","Ctl-S",1,6.08416010497517,13.9230741348517,8.19358623812212,2.05952524168813,0.559211344107297,2.65621706604775,1.02231973581951,3.96578209579012,0.0502705441469506,0,0,0,0.00200452034781284,15.6005594411549,0.0166419264921681,0.0014867079006887,0.0364428557739634,0
"Sub4","d0","C","Ctl-S",1,5.86386227975383,13.8488416085212,8.92319686704131,1.9886857231375,0.520187179229444,2.67708942780419,0.964602601041251,6.86491342481432,0.0349167751482062,0,0,0,0.00181430768677094,18.1650404079484,0.0155821906163889,0.00122663932487612,0.0357160581681691,0
"Sub4","d1","A","Ctl-S",1,64.743628428681,38.2568736272999,110.634397572114,0,26.0500906176435,5.29072244332165,63.9725906862158,0.0841642817471984,0.0688702093186928,0,0,0,0.00832626495978434,137.299240355957,0.0250857673012102,0.000841657515534915,0.178574806023497,0
"Sub4","d1","B","Ctl-S",1,60.0683819616513,33.9510685483337,108.744436085836,0.0632267866510498,26.2951141388754,5.60907244233471,67.3488870916334,0.0903916185435306,0.0411615659493616,0,0,0,0.00837328265738468,134.853763855864,0.0248151858884629,0.00237409670787417,0.170783304605425,0
"Sub4","d1","C","Ctl-S",1,55.4305926781861,38.1860607559325,128.215775942485,0,30.2938929502626,7.38339266770952,72.4909631575678,0.119358285880849,0.100837188549915,0,0,0,0.0115192537589602,152.719709488174,0.028150747501836,0.000621786543023915,0.156625489348343,0
"Sub4","d2","A","Ctl-S",1,248.874077197058,417.64512112375,1785.56801865535,1.96759127866241,30.0555230619817,25.2380072745332,63.0513883827087,7.82605553089862,0.156599513002594,0,0,0,0.0148899190862892,147.194415141563,0.0271034954817227,0.00108313875490259,0.439511578209177,0
"Sub4","d2","B","Ctl-S",1,280.23308525401,533.475015754593,2090.94865380556,2.47902825660873,29.3231383652389,23.1600730086835,66.3738574924065,8.529055755508,0.154767640670224,0,0,0,0.0155100230897198,108.722689516431,0.034521740595369,0.00237071913792611,0.383829070329583,0
"Sub4","d2","C","Ctl-S",1,207.836918224368,368.561089348788,1663.26261275524,2.79754843438041,32.0052203695795,26.4468598324321,67.0647306479177,9.63967910088463,0.298006100937467,0,0,0,0.0192637687649948,121.016295849795,0.0317167864651557,0.00186347849348955,0.492656433992442,0
"Sub4","d3","A","Ctl-S",1,907.268018043052,1739.46539198097,6656.01014098372,10.8836001771782,35.8508572590985,44.8587092341547,63.3201712129968,1.25608678281499,0.269195304576846,0,0,0,0.0224109403268288,217.295353820811,0.0341335712828932,0.00131288583088798,0.471173669944492,0
"Sub4","d3","B","Ctl-S",1,599.648764258948,1147.66814646399,4330.89610036731,5.52043948878183,34.722795293355,42.593484733828,63.2323683097054,1.28376621730695,0.262433989867882,0,0,0,0.0218957166411635,166.998164184319,0.0402303522265615,0.00194772337181679,0.337256593437998,0
"Sub4","d3","C","Ctl-S",1,658.683762077285,1255.71578525329,5175.62164139988,7.75583899595758,37.5805396435693,47.7078919201313,67.735827863119,1.02681007174711,0.529248877306573,0,0,0,0.030640488590887,202.868422998904,0.0411154501317553,0.00212743882779414,0.433516427725678,0
"Sub5","d0","A","Ctl-S",1,1.00360003684476,6.79720622297394,1.99440172412029,1.77018741747223,0.96564522330992,1.60359764438963,1.56556364252859,4.15966502894577,0.307347958004575,0,0,0,0.00499910141669508,7.98841499728606,0.00245719035629177,0.00360945370582999,0.0218223559666895,0
"Sub5","d0","B","Ctl-S",1,0.793784070265085,6.43753883755045,1.60311622578863,2.03865746422338,1.11153606800158,1.92331017300129,1.64716718423244,7.31846462110792,0.293959464086663,0,0,0,0.0055750363432312,9.13889609000217,0.00111235225102808,0.0076995979612149,0.0227858101405969,0
"Sub5","d0","C","Ctl-S",1,0.582906562353835,5.48562199886991,1.49483323463794,1.90119470991746,1.06325655979873,1.63242281841249,1.63344428760641,3.16824332991319,0.260327180298181,0,0,0,0.00496362880130451,8.55685889584473,0.00169683149654134,0.00814841422166922,0.0118096290278792,0
"Sub5","d1","A","Ctl-S",1,372.932195903465,64.0851883755971,15.776575095277,25.9907773363021,1.85066204254016,1.75923455969981,3.32218978846262,2.73113343120241,0.284211785085895,0,0,0,0.0297011923943604,120.43981807309,0.00422028504444966,0.00267383983025609,0.0240804840025197,0
"Sub5","d1","B","Ctl-S",1,434.821528050364,81.4392485311546,21.0808288530856,47.6798673249705,1.89619668166509,1.70566995800029,3.28126911907964,2.73523391304531,0.254274783371032,0,0,0,0.0258371766820336,105.100649241485,0.00375984444381695,0.00596950392006458,0.0273251855730962,0
"Sub5","d1","C","Ctl-S",1,357.600242888584,56.2850440416711,14.9700098688785,39.2591622652941,2.03231438142499,1.76590201982362,3.7271530110682,3.02978972096308,0.281670654740272,0,0,0,0.0248180829900528,107.296784340718,0.00313565721250862,0.00910945371221349,0.0285160776800931,0
"Sub5","d2","A","Ctl-S",1,61.2033806006695,11.7813968067224,3.0319782100508,6.51657298283436,1.89941350022281,1.73361323517224,3.29326375666528,0.083418783413336,0.230849905541932,0,0,0,0.0273734444206453,110.984199233945,0.00274667884058538,0.00655583272068394,0.0284849541695214,0
"Sub5","d2","B","Ctl-S",1,77.4658254874668,14.976823310852,3.81159645869673,6.57017024835024,2.05693556012715,1.87260095088463,3.68309566562359,0.0657390896729242,0.260241492140951,0,0,0,0.0269965930726598,118.751958876701,0.00231253399454724,0.00157411364951724,0.0265504658075737,0
"Sub5","d2","C","Ctl-S",1,46.1677856326836,7.37672844859212,1.7718718607237,4.11343298308264,1.64996612895677,1.54690482491659,3.17607613316013,0.101000965272604,0.200354302492439,0,0,0,0.0228778364787935,91.310279661677,0.00305941070002129,0.00165618611391455,0.0274759935515525,0
"Sub5","d3","A","Ctl-S",1,1327.21545921072,236.312405925499,89.4997213768769,124.211750213202,2.14559820617202,2.09925111572988,3.90549498520252,1.4450281538467,0.286563855916463,0,0,0,0.0318808229560419,115.730458918094,0.00322496418558304,0.00138839827942415,0.029058853874497,56.090596289596
"Sub5","d3","B","Ctl-S",1,897.925480083624,173.018862622794,63.0931171223321,78.1409987922682,2.2133731447915,2.08783490047011,3.96261873817014,1.70441158617541,0.322407843452287,0,0,0,0.0306477723379539,113.417388666828,0.00151057666365821,0.0101555408245675,0.03591175150101,51.9010523271873
"Sub5","d3","C","Ctl-S",1,1536.09542022221,258.689893425378,95.8364688360051,140.921574577421,6.8887962391881,5.84169086128153,12.7352475420067,3.21600264191281,1.35626517919586,0,0,0,0.083691525211196,402.723884372693,0.00801497573364747,0.0108828393832915,0.0843773513738644,146.014595577802
"Sub1","d0","A","Ctl-S",2,77.2213395293351,76.215778245259,33.2789607226925,12.7884089657472,0.999483462937399,3.22063523112597,1.47964030695632,0.800424085031813,0,0,0,0,0,5.37453918643706,0.0141617144636612,0,0.0291345608828937,0
"Sub1","d0","B","Ctl-S",2,81.6868135628207,76.440580008123,35.7323992681623,16.9511898612374,0.954889512689605,3.32294227812624,1.3452283416293,0.842318925504877,0,0,0,0,0,4.7177241471316,0.012660304434334,0,0.025597943254659,0
"Sub1","d0","C","Ctl-S",2,75.8678140758306,92.5863069382824,41.4646337051097,14.2151579322681,1.0496076755993,3.43125755498045,1.70716146574708,0.982814725409966,0,0,0,0,0,6.560183133782,0.0148557514720293,0,0.0380975350189494,0
"Sub1","d1","A","Ctl-S",2,1195.46384112348,198.939356183233,133.489614719492,120.594194343274,1.62670990589972,3.1291382802756,2.64194135627774,2.06087898860176,0,0,0,0,0,166.716067353668,0.0152605126027634,0,0.0292058636582766,0
"Sub1","d1","B","Ctl-S",2,1331.68009408304,230.345101225315,170.201899366714,98.6278013141266,1.7496109526438,3.94091427106577,2.89566166945574,1.89447646110151,0,0,0,0,0,186.428405653914,0.0133835199866875,0,0.0269071649315222,0
"Sub1","d1","C","Ctl-S",2,1153.65620385118,192.505217176573,133.992246888028,89.8658808551745,1.64445166412575,3.63292740588848,2.67208828437437,2.07716499993215,0,0,0,0,0,180.963741146093,0.0129543227266284,0,0.0323346404482229,0
"Sub1","d2","A","Ctl-S",2,1322.75602373726,214.468165781107,151.972132761292,107.509029899345,1.71804533157476,3.61523906417789,2.83942466583315,2.05822355202901,0,0,0,0,0,153.724345679293,0.0104358672655883,0.00117909795518377,0.0220189875362289,0
"Sub1","d2","B","Ctl-S",2,1307.23163128796,223.987999751583,148.626711224833,134.521933112919,1.48739289814229,3.45504942921732,2.45575063853634,1.80561030806614,0,0,0,0,0,129.009339205742,0.012115997193024,0,0.0279723463924138,0
"Sub1","d2","C","Ctl-S",2,1222.85319084136,207.275098379549,133.949366058854,123.02300128764,1.34519420372736,2.95173820650103,2.29988892503615,1.59603718590442,0,0,0,0,0,114.737165667606,0.0115159769545044,0,0.0254306187673636,0
"Sub1","d3","A","Ctl-S",2,1168.12339199908,195.341147655837,139.288281032637,114.848658491123,1.59437542932754,3.64139632870874,2.76659248027387,1.94449225879677,0,0,0,0,0,127.976081882365,0.0103802681018222,0,0.0232122154748181,0
"Sub1","d3","B","Ctl-S",2,1192.06783135907,209.505163622392,142.505058537481,88.2701389796429,1.52604144612118,3.48060298202859,2.4849428481281,1.66150112652355,0,0,0,0,0,126.693337527124,0.010076655904898,0,0.0227270661175807,0
"Sub1","d3","C","Ctl-S",2,1152.1659681528,200.89880843436,137.789505701685,118.788503185574,1.49362530577284,3.3932766059004,2.3523614984411,1.66672168065067,0,0,0,0,0,115.118927726062,0.0102076484030398,0,0.0228509345503052,0
"Sub2","d0","A","Ctl-S",2,66.7104707345419,36.3229227385017,29.4171471233735,10.6709134879644,1.07369017137391,3.58580541316108,1.47059423375073,1.07169112022271,2.71275194001979,0,0,0,0,10.0290343723119,0.00865726516480964,0.00168096152543533,0.0212602571831849,0
"Sub2","d0","B","Ctl-S",2,73.9435851038936,38.9883890974595,32.151339345703,11.2538265129458,1.16752784443243,4.01573302752618,1.57705547029423,1.26286167071635,3.28411691082302,0,0,0,0,10.791756952178,0.00972940442968337,0.00173976654595819,0.0295180124463096,0
"Sub2","d0","C","Ctl-S",2,76.2560917025814,41.1101760414609,34.1610007130359,13.6787259784331,1.30464669323858,4.47083597984588,1.66459173824944,1.34780887748903,3.37172313822556,0,0,0,0,12.4639179048271,0.0101598136470571,0.00280643040050671,0.0275444775828994,0
"Sub2","d1","A","Ctl-S",2,1077.38402053015,439.139837046074,720.305244215632,23.4817697086302,9.31716391951242,11.709271355454,8.39179542496539,18.2271788306676,3.26572014428815,0,0,0,5.54206385583233,17.1579873087701,0.0116146762824773,0.00132183999280466,0.0962979209751597,0
"Sub2","d1","B","Ctl-S",2,1033.49029256149,471.162352469673,814.226795304696,59.0001897363419,12.588101790209,10.9538211643855,30.1353688915684,19.1505606750876,3.22217241876755,0,0,0,0.368079906129949,13.5089338387719,0.0129766856878897,0.000786979420930047,0.176772068875275,0
"Sub2","d1","C","Ctl-S",2,824.11970502116,280.382585731833,256.741350909706,60.7414726737099,3.21758984312275,5.00985068162128,5.30998519227482,5.01903304320821,2.89530319501389,0,0,0,0.240079899517022,12.5402939879855,0.0102179877239417,0,0.0316350075321688,0
"Sub2","d2","A","Ctl-S",2,1447.38346164463,616.193004610281,978.149409137814,575.502243383999,10.9524967690987,14.6231362019604,8.78893056311243,21.5258082863111,3.14340188352273,0,0,0,5.86147959667992,43.8004753535194,0.0165621442640055,0,0.233668621672002,0
"Sub2","d2","B","Ctl-S",2,1179.57334204719,582.949792597568,958.787475946084,755.243345646848,13.2977160073502,15.1991062510122,31.1930062647657,20.3112144346078,3.51074091553326,0,0,0,0.420573047386211,1.91679368879317,0.0147557310960955,0.00228187919369061,0.353903394551666,0
"Sub2","d2","C","Ctl-S",2,897.408527135364,333.35798605885,325.392955858636,93.0903701406114,3.62967618649773,5.33586552599411,5.32568903185817,4.92547634240955,3.01827557438954,0,0,0,0.246474455833901,12.88399849887,0.0125592320033975,0.00228284605441203,0.0286060427612773,0
"Sub2","d3","A","Ctl-S",2,1331.22782317511,590.476998750106,935.968317743751,609.630559717314,11.1308802301159,14.3967433383323,8.29185882197886,21.3557838994131,3.65736894282056,0,0,0,5.99967195172692,46.5158156810733,0.014597394005813,0.00193528337429898,0.189022125803957,0
"Sub2","d3","B","Ctl-S",2,1287.59822484815,644.446740616548,1081.31172621354,1071.22028068957,17.7245902933435,20.0095720637235,40.8056434286753,26.2233527025428,4.45705453920543,0,0,0,0.549230035283317,23.9777333060988,0.0133949673954873,0.000921319950647178,0.35394379980088,0
"Sub2","d3","C","Ctl-S",2,947.272949802096,342.177630568214,329.729584917928,98.054936445829,3.16798823993367,5.18178457235249,5.26070590368545,4.92673120750163,2.71486317467149,0,0,0,0.231892053454684,8.28521551688999,0.0136602807254249,0,0.0353647257081363,0
"Sub3","d0","A","Ctl-S",2,54.1776430548149,36.0392969387913,17.6919489175312,8.19646368340682,0.995911819942789,2.99491927286308,1.67765565183709,1.16323782654434,1.83891352577605,0,0,0,0.00374138505141703,5.09225350367824,0.00414774288955407,0,0.0528695864965789,0
"Sub3","d0","B","Ctl-S",2,55.2154902781861,38.0849058712776,19.2546528501038,10.1354584991558,1.09558818312274,3.02864172792503,1.72160116595601,1.17307100475775,1.6604794216986,0,0,0,0.00466529772592029,6.30492107984409,0.00273597302506604,0,0.049913804643384,0
"Sub3","d0","C","Ctl-S",2,45.4456696669254,32.9553987788065,16.7714900461724,8.90143012999842,1.00264496456945,2.96299377972828,1.61882448175886,1.07306211790259,1.49614740400601,0,0,0,0.00425563917758981,5.04632229673866,0.00160766790946689,0,0.0533258259972128,0
"Sub3","d1","A","Ctl-S",2,1455.96250436999,213.863649647881,153.476776075499,139.056357792267,2.00774575470987,3.18993862741078,2.75452454898619,2.80602452440759,1.71064463551152,0,0,0,0.469990931230653,135.793813413437,0.00597279132007123,0,0.0616750118022733,0
"Sub3","d1","B","Ctl-S",2,1408.72812397155,200.918834039248,189.541601364678,182.906792280912,4.14225651670309,3.43439015350107,10.5502036877897,9.63897727591357,1.79819132880226,0,0,0,0.824912500095622,128.438422035863,0.00611943626245344,0,0.0738234783120104,0
"Sub3","d1","C","Ctl-S",2,1301.17658550728,181.671988342658,126.563800543099,106.252097219887,2.25525501090204,3.68928294997714,3.34080137838012,3.41283461509429,2.35744599723842,0,0,0,0.465617925528117,156.512584014425,0.00519405726214241,0,0.0657780926839223,0
"Sub3","d2","A","Ctl-S",2,1401.77790352326,196.613121494134,132.91484540817,128.471941400217,2.09692160140262,3.04731386573654,2.75792025762424,2.8867290867613,2.00093253752006,0,0,0,0.462874368782116,120.034155527554,0.00649584284285104,0.00111914329665048,0.0591936843126187,0
"Sub3","d2","B","Ctl-S",2,1270.3589666665,190.472589720676,172.36191946993,169.294660478324,4.24996238473486,3.73519692410623,9.64585408971912,9.67369522962246,1.7563522887019,0,0,0,0.77304966390456,116.968892075318,0.006363090904521,0,0.0839334537365172,0
"Sub3","d2","C","Ctl-S",2,1333.7182874701,190.379935762231,134.219011098976,159.555994360442,1.82677685278691,3.27468093493058,2.92565082454283,2.73166262009034,1.6508895670611,0,0,0,0.401196666837618,109.647689281634,0.00528930985891649,0,0.0477377188301472,0
"Sub3","d3","A","Ctl-S",2,1522.24317803715,204.164427576892,152.585763809985,159.383016080843,1.72073097011166,2.94759040136912,2.47882600003567,2.66336894459655,1.4155040880175,0,0,0,0.43436877646984,98.6109439255037,0.00476285875557743,0,0.0633334244871936,0
"Sub3","d3","B","Ctl-S",2,1314.91478716607,184.898129838336,172.85147989931,179.559619693403,4.11577576238811,3.72925157007322,9.81663035263976,9.93040578753387,1.80266199473732,0,0,0,0.819196248890393,106.05999340162,0.00596370105302298,0,0.0831514440490131,0
"Sub3","d3","C","Ctl-S",2,1310.46325701596,184.588241806216,133.808531403392,113.896619286438,2.09509298957075,3.62788763715646,2.97194232134821,3.04743662957808,1.82582905499224,0,0,0,0.422189536491867,118.929203719407,0.00495107773019462,0,0.0542045513967556,0
"Sub4","d0","A","Ctl-S",2,69.7966858322227,60.1677286800171,36.820695220793,12.1215391923679,0.86831003874044,3.44014230637686,1.4220323688244,1.00034354861223,0,0,0,0,0,10.66508053961,0.0180008461685548,0.000789047491799032,0.0587573261991867,0
"Sub4","d0","B","Ctl-S",2,65.7932242442842,59.8774251682311,36.6959479941884,12.3378517636499,0.864805522696544,3.67484913513001,1.32313428407092,1.01508897268825,0,0,0,0,0,13.5498993046672,0.0143020558320824,0,0.0810486455736149,0
"Sub4","d0","C","Ctl-S",2,72.5408081413397,62.2882324484523,37.522488869773,8.54519307788017,0.707032416701649,3.22300921184975,1.4006945595825,0.986126029337615,0,0,0,0,0,10.4981905194387,0.0163074698890112,0.00222906242380329,0.0709076009593838,0
"Sub4","d1","A","Ctl-S",2,383.241070079667,206.299671882693,683.944318815126,0.174951637892416,33.9062232415289,10.0504882237369,89.9260036324329,38.5393722438652,0,0,0,0,0.0142202527528364,129.857675717066,0.0188569536104082,0,0.200618533105198,0
"Sub4","d1","B","Ctl-S",2,357.468350930647,194.233471165953,648.469267832986,0,34.3390634058221,9.88691345803685,97.6500727611336,40.3080177970366,0,0,0,0,0.0306285716233751,124.877011261775,0.0239704744602331,0.00133572527594311,0.179087085672078,0
"Sub4","d1","C","Ctl-S",2,365.472006282688,207.844896219003,732.102602225829,0,30.7066166034601,10.5841432302213,90.5675893583245,37.0258014716409,0,0,0,0,0.0146571220987198,126.25560519302,0.0225901636659153,0,0.178895751561777,0
"Sub4","d2","A","Ctl-S",2,132.874274037925,229.561375702931,1122.84504659449,1.38975964134617,29.9438368964079,37.878421368136,75.6837701020984,32.7308827116657,0.629059378474261,0,0,0,0.0215274127461556,115.106091343262,0.0219582014925115,0.000876746699803891,0.475463239593114,0
"Sub4","d2","B","Ctl-S",2,138.969416673662,232.435345864722,1096.74457963295,0.89384188437478,28.5511461318404,36.7077526897127,77.3731394065468,32.7712905906362,0,0,0,0,0.0369999017242715,89.0922617940211,0.0247638792273364,0,0.536226065616589,0
"Sub4","d2","C","Ctl-S",2,133.311158997366,223.055808335591,1060.09809883084,0.965113654354175,30.3499800569559,34.263758535488,74.220206992915,31.9943349471784,0,0,0,0,0.0221118779627221,112.42484011611,0.0240472565452408,0,0.560894062614936,0
"Sub4","d3","A","Ctl-S",2,209.407876176211,344.759199262781,1642.5900491859,0,30.6903523389659,54.4030203578712,74.5576566911606,31.5541063583023,1.38549337293247,0,0,0,0.0269841654030859,138.849631383547,0.0271434892608251,0,0.63646981452003,0
"Sub4","d3","B","Ctl-S",2,211.604625554361,344.747570595913,1688.26888726863,0,30.0103075650688,52.2203614255644,67.73241893586,30.1044709712218,0.624807895834088,0,0,0,0.0422634394634914,140.395824862912,0.0253941465975159,0,0.511113222565151,0
"Sub4","d3","C","Ctl-S",2,198.068152315799,315.894412672847,1561.65824586253,0,29.3009843081023,46.6061396608443,59.3723575733125,28.4527319252658,0.579651508138814,0,0,0,0.0273799016637826,133.044041612762,0.0252199315549409,0,0.520904216918301,0
"Sub5","d0","A","Ctl-S",2,23.4395060525937,17.8315732273813,5.86963612878947,7.16344899939081,1.23399727634366,1.9137867980389,1.82738385087002,1.48733952397144,0,0,0,0,0,6.00374793938053,0.00194755051500119,0.00272081575905011,0.0284825485526182,0
"Sub5","d0","B","Ctl-S",2,72.9058464488228,41.285430797954,13.1159443414207,18.3064761136628,2.74741309831314,4.10923119051817,4.47822603542676,3.23524427661889,0.734838490961028,0,0,0,0.0033791188357664,18.0025460095704,0.00668628068085894,0.00460395480092408,0.0584849420711809,0
"Sub5","d0","C","Ctl-S",2,31.6618614854259,19.7276766689836,6.25892201958443,7.89451070772945,1.1346207470469,1.92452389166514,2.27185964652713,1.46193191868098,0,0,0,0,0,6.50057301491185,0.00241841738569149,0.00120852613250748,0.0274660274261447,0
"Sub5","d1","A","Ctl-S",2,1721.56699850093,167.14645126185,55.487446893587,156.134090489967,2.94172613338635,1.9890555817227,5.91965240956143,3.64966956840227,0,0,0,0,0.0196146582004559,123.184128839348,0.00190024699817964,0.00207168190262628,0.0396237066699848,0
"Sub5","d1","B","Ctl-S",2,2085.82251129219,216.27885576305,72.0350752135925,209.470046394564,3.08670402711784,2.067168199935,6.24914549570345,3.87165956614725,0,0,0,0,0.0284489735004334,126.63973383654,0.00275026336718716,0.00318785603735302,0.045937419157673,0
"Sub5","d1","C","Ctl-S",2,2403.00043975086,553.409414424045,584.608985235334,0,22.5289036650846,3.37701843967673,43.9674871565762,27.5785806779954,0,0,0,0,1.56055646542462,0,0.00309886709286561,0,0.0751310167845424,0
"Sub5","d2","A","Ctl-S",2,1669.52272958835,179.304880351689,55.3188812272462,151.340739431382,2.72797839919346,1.9686681618135,5.58285460838768,3.68827209869714,0,0,0,0,0.0199175385915492,102.976990557801,0.00155839182983805,0.00149154998749025,0.0424422745776324,0
"Sub5","d2","B","Ctl-S",2,1822.16151426835,180.315662634728,65.7900026762866,192.059220725357,2.79312046831973,2.07426828141627,5.43243132102908,3.46352708093836,0,0,0,0,0.0256692919208062,92.6006046242212,0.00268887705432808,0.0012154755815389,0.0413796006135531,0
"Sub5","d2","C","Ctl-S",2,2243.30482931434,610.885751068187,893.881752298116,0,32.3778414372429,3.92953831808238,62.7401454406616,32.0946910404983,0,0,0,0,1.47230216826894,0,0.0543573657113584,0,1.20870014419282,0
"Sub5","d3","A","Ctl-S",2,1640.50142400519,180.824114566769,77.6439647357218,204.464088739773,2.86569689374458,1.9379719321542,5.60136251186941,3.39971998302316,0,0,0,0,0.0196078683517776,98.7069755238345,0.00228165176497,0.00109202018110282,0.0306616193072105,0
"Sub5","d3","B","Ctl-S",2,1754.65171415941,165.241299545948,64.7062890533681,211.180509700872,2.97079837742763,1.90358212756103,5.58319311053803,3.58578752823164,0,0,0,0,0.0250016902674351,85.9623969284475,0.00195862990883487,0,0.0341524320649721,0
"Sub5","d3","C","Ctl-S",2,2321.40409154156,688.778674645273,1004.21016280617,0.23494824800906,31.2723861466785,63.4345683735878,66.3872730218872,30.5810396017122,0,0,0,0,1.3197448215609,0,0.058554165725703,0,1.49065723588886,0
"Sub1","d0","A","Ctl-S",3,89.1972972001347,100.952859990563,47.1386234874029,23.3476247045791,1.24082320186587,4.51514154691625,1.73734973132819,0.559240158086969,0.0232635677587226,0,0,0.00180957097764881,0,4.81653214233981,0.0120789427471889,0,0.0391525003109423,0
"Sub1","d0","B","Ctl-S",3,99.0846029072562,106.510198546054,51.9690845152733,27.4028872407217,1.42940435840208,4.67652016277893,1.53065701303268,0.569245766396429,0,0.00269868518374895,0,0.00223305933953798,0,4.44781135916293,0.0142028304384422,0.00149750034179537,0.0490346803584027,0
"Sub1","d0","C","Ctl-S",3,216.796290034606,184.342270343268,90.9789140555276,50.2944328846629,4.48190420258972,9.42742198286536,4.06596303886998,1.88826120178865,0.21832215105211,0.00622127867657226,0,0.00221180473951259,0.00280482840603813,9.551489339286,0.0253227619877397,0,0.0902618215918376,0
"Sub1","d1","A","Ctl-S",3,1437.82613620263,208.529634172199,99.1106109812377,103.71277831231,2.03968976958269,5.41426688010689,1.92242902299996,1.73576538112891,0,0,0,0.00188822569843132,0,56.4717191671487,0.0132650924588783,0,0.0415104847019483,0
"Sub1","d1","B","Ctl-S",3,1469.64998994633,210.048443453204,88.2497252326193,112.970587483192,1.42677539064005,4.22892973227703,1.69820885483103,1.50773858604969,0,0.00111511681854845,0,0,0.00143062438223407,42.0795927031795,0.0114332065052833,0,0.0410192973853166,0
"Sub1","d1","C","Ctl-S",3,1548.54567770335,236.206007373347,85.1457526968641,129.353255576586,1.73143909137374,4.48438278416648,1.58224507120332,1.60449876026015,0,0.00547140258408451,0,0.00152588926066572,0,28.4714397279775,0.0161793957599574,0,0.0284222003726753,0
"Sub1","d2","A","Ctl-S",3,1272.73139619482,178.535820658063,76.8572581389901,111.431824026492,1.26435502154793,2.91866795027632,1.27696970105086,1.19063022619466,0,0.00404372609530827,0,0,0,25.9625753845395,0.0105662758011922,0,0.0280672348752614,0
"Sub1","d2","B","Ctl-S",3,1311.26330852532,197.707648628102,85.1273474757461,115.498285796334,1.50459609195797,3.62606903379591,1.53299166273486,1.44066716351918,0,0,0,0,0,32.1675600107969,0.00997649517888977,0,0.0402659402626295,0
"Sub1","d2","C","Ctl-S",3,1345.01835810638,201.214218476844,99.6730265446846,110.228280690012,1.41602373874942,3.77971743254001,1.73098767065175,1.18744042243215,0,0,0,0,0,29.4611105190153,0.00386908177031522,0.00202825868426079,0.023629545920432,0
"Sub1","d3","A","Ctl-S",3,1440.94252918589,206.397571312819,86.3884903691134,105.188336219102,2.10944074114387,4.76545446170907,1.82046040458214,1.61411267326501,0,0.00126274284188326,0,0.00101589720686673,0,33.8483297073152,0.00994704816078321,0,0.0221683569755301,0
"Sub1","d3","B","Ctl-S",3,1656.73651957318,245.791123832746,71.5888156001333,149.358037413736,2.29254628207588,5.48296537612369,2.50861431865675,2.06109450925802,0,0.00164305676279345,0,0.00130732525309673,0.00184267610115941,33.0577968272821,0.0148123712772199,0.00309860706136182,0.0165284455228092,0
"Sub1","d3","C","Ctl-S",3,1680.92904301996,237.310010879671,86.2105820210089,135.597007469233,2.19339967071171,4.72560480697499,2.40880218500008,1.57450398597195,0,0.00433517106998637,0,0.0011092237095429,0,28.9459210746807,0.0144278479055824,0.00297304933670863,0.0324465875866718,0
"Sub2","d0","A","Ctl-S",3,87.3486913941046,58.5799884622005,43.1926116095173,20.2933605521915,1.19639150731851,4.0322035469076,0.841443879459066,0.465224990900059,6.0028109221344,0.00520607620979012,0,0,0,5.32688555521924,0.0104614451225667,0.00279732572413052,0.0316252725908422,0
"Sub2","d0","B","Ctl-S",3,95.110068400209,62.7038768258133,52.9941422674513,21.124501304525,1.60735818150531,5.51539505289798,1.56470517907976,0.895487189174709,6.85306857003223,0.0036946603663982,0,0,0,7.21229289022242,0.00906969267722351,0,0.0388486144878188,0
"Sub2","d0","C","Ctl-S",3,98.0617613813118,67.710754706297,39.4896148110885,24.9949716432294,1.67725099762382,4.73582713263452,1.42004201714623,0.561855795110476,7.26137410674012,0,0,0,0,5.58440280687137,0.0112717909574334,0,0.03420791623874,0
"Sub2","d1","A","Ctl-S",3,698.334741222101,385.818738168797,575.204884843094,0.746069283733279,35.5362771760952,16.0452612586159,47.8093975076269,44.3794432805319,8.30261060403282,0.00463239028494059,0,0,7.31204983969708,0.351103933850466,0.00988444942387634,0,0.0638987779433944,0
"Sub2","d1","B","Ctl-S",3,651.628003024224,408.541558589126,579.351168667669,1.84120741728895,47.5295143057302,15.9159076299157,96.4309117271505,43.1881804462237,7.30219697251338,0,0,0,0.251565332624595,0.295134685677887,0.00965929942936792,0.0030738236305575,0.0421922778124705,0
"Sub2","d1","C","Ctl-S",3,995.281368013173,507.898306599988,618.560224027029,6.80235059318206,47.8841371556979,14.4390050617114,93.9203770673541,48.907699279571,7.91784773604355,0.00194570808693978,0,0,0.348013494514495,2.48100370267372,0.00941795002987166,0,0.0819637519161206,0
"Sub2","d2","A","Ctl-S",3,896.029250148535,725.007459491211,1616.388585212,0.0309022917301415,85.4559439797077,86.7534960254768,65.4802076905058,49.1410045082136,13.1048165177799,0,0.00243332067735437,0.00142812257028531,10.5414666091142,0.146468078036869,0.0096471377545742,0,1.12809310369122,0
"Sub2","d2","B","Ctl-S",3,1153.29102421963,713.91482390934,1240.55948730761,0,68.2710810017367,51.7094792572355,100.130663394069,38.8431048357113,11.8502965056193,0,0.0030513971536143,0.00254385545830578,0.701724901690385,0.145868772340732,0.0119203632899826,0.002240814800383,2.24204942532325,0
"Sub2","d2","C","Ctl-S",3,1497.8329074228,854.261828311273,1488.29655051412,0.121280489762383,96.3301463375055,80.824391905238,137.759429725289,55.0795394386597,18.9621165243587,0.00131917703872758,0.00451309232367454,0.00195440900609867,1.16574188544639,0.196850242101825,0.0258746563132517,0,2.73295024100955,0
"Sub2","d3","A","Ctl-S",3,964.543040812563,780.75781243359,1531.8712133439,0,151.751135848022,123.240848238865,112.480924539961,70.7527291699225,21.9495261689594,0.00735795469416963,0.0154561782406232,0.00338431915540114,18.2571358653182,0.197012210128671,0.0217653783079202,0,3.02751805063808,0
"Sub2","d3","B","Ctl-S",3,1496.24426799623,894.130353251059,1591.11411099011,0,191.302822952251,240.15122695768,236.672312644427,88.2087106409585,28.2952782479516,0.02562705153485,0.0111951994154123,0.00249513196085424,1.99951030947738,0.235706880170339,0.0191995133738266,0,4.32282152821863,0
"Sub2","d3","C","Ctl-S",3,1311.87338335495,741.972879596407,1428.20677769902,0.187715774323379,108.792589021576,248.842716327116,154.181054526238,65.3016751012747,19.6078750821316,0.0040455205184164,0.00567558362663899,0.000526013952089693,0.989288266146082,0.129665657790795,0.0284657276720287,0.00108049436121948,3.60887611696165,0
"Sub3","d0","A","Ctl-S",3,102.478865211234,74.8531154776375,39.7956654839436,21.3190565083501,1.63456417759951,4.65677925159429,1.40953328765504,0.616479659017013,4.41489517825437,0,0,0.00180523783679837,0.00617339303461415,3.67753001423053,0.00134660935916753,0.00235695133564233,0.0576163524097389,0
"Sub3","d0","B","Ctl-S",3,84.6490231479334,127.936084497952,28.9391466771339,6.15496578648206,26.2862220713672,3.64918609658672,0.840942662772286,0.611312507087401,4.22385829764917,0.00552382559999026,0,0,0,4.78109549972685,0.00307282385669267,0.00322885338473463,0.0447076693876515,0
"Sub3","d0","C","Ctl-S",3,95.2973156133409,70.9827716165492,28.5647827919987,23.056345288257,1.1646374278881,3.89163254592311,0.884767711189817,0.520633628692527,4.50772881488677,0.00293166714013557,0,0.00216060312679217,0.00107130182387423,2.70304181757241,0.00416682574030486,0.00163403592502853,0.0568871006061969,0
"Sub3","d1","A","Ctl-S",3,2179.57873461254,222.797886617195,102.79516387634,171.11662552985,3.47044420614024,4.07921144330323,4.38798082014973,5.34960489961954,3.39838209623016,0,0,0,0.933942953511056,47.7347063967765,0.0056831836406955,0,0.0512925511781617,0
"Sub3","d1","B","Ctl-S",3,2141.69954565974,258.755817667356,80.5032428871749,262.663242638276,2.41322677241617,3.28046774822265,1.90214442194932,3.86721311930736,3.86079464376222,0,0,0.00136360293661922,1.11690535194026,32.9914688186425,0.0074245992524881,0,0.037026402035736,0
"Sub3","d1","C","Ctl-S",3,1604.8297627895,221.149987197795,78.7836466965413,152.575603747951,1.69365776654072,3.39432853297889,2.10288072121588,2.79541705783015,3.1800336459647,0.00135169239487033,0,0,0.552413989277105,39.5479759210981,0.00466998129402174,0.00200917731389879,0.0327519554373926,0
"Sub3","d2","A","Ctl-S",3,2256.77240978907,222.167233065028,76.5090819114158,192.927218423346,2.72591485146179,2.61446361023491,3.3859588728262,3.42637912293758,3.19289620066416,0.00205231658772535,0,0,0.8963752365959,28.3480939061257,0.00652380534545855,0,0.0367566630771524,0
"Sub3","d2","B","Ctl-S",3,2018.38575326637,218.680159875466,102.882399907517,213.976705113909,2.23555662534534,3.05666570347295,2.29310952930172,3.23323592077194,2.8466547398828,0,0,0,0.932007683003069,32.2781521157177,0.00834402454124383,0,0.0330902409471723,0
"Sub3","d2","C","Ctl-S",3,1494.24862378555,178.234858578315,87.4168885417265,126.869528307037,1.59854765135295,3.00827255095295,2.04182917295937,2.40579349671454,2.4322095953882,0.00260354357687252,0,0,0.467506851638609,33.17740651691,0.00198207304511049,0,0.030835275874435,0
"Sub3","d3","A","Ctl-S",3,2343.43000752532,228.785769887349,103.527847753914,192.340619125413,3.21266811919159,3.21563079340968,4.12626328320272,3.82659764532883,3.04007126555773,0,0,0,0.888430090935237,29.1800327739218,0.00289432559863707,0,0.0273165175790826,0
"Sub3","d3","B","Ctl-S",3,2249.42390533236,233.627804312345,103.560402039039,203.479945088196,2.30863303068568,3.25149539627279,2.45398301190267,2.96065226543405,2.6820829140153,0,0,0,0.83459889722154,31.7166617190109,0.00828317990104048,0,0.0249710829921746,0
"Sub3","d3","C","Ctl-S",3,1262.12001566652,173.481522554734,37.3485062567086,162.076419994685,1.26443513255614,1.93807562298474,0.879477543337246,1.38424994778953,2.29962487165099,0.00286783770263093,0,0.00116661346001676,0.410013300987657,18.1138517511382,0.00525964449535083,0,0.0259084207862611,0
"Sub4","d0","A","Ctl-S",3,75.990317915773,87.4924407300498,41.7615286891536,16.9618695211705,0.872395461787135,3.49235788299774,0.962395894182985,0.221505058876564,0,0,0,0,0,4.57061273704377,0.014359957601678,0.00209232153187531,0.0401102752773843,0
"Sub4","d0","B","Ctl-S",3,77.8274414326772,88.188545948546,40.6612689119606,16.4378029822505,0.762686260985357,3.50854741089148,0.790939467064454,0.11435503620537,0,0,0,0,0,3.4779490499041,0.0125850885531746,0.00170201406099602,0.0894563458136585,0
"Sub4","d0","C","Ctl-S",3,101.599209827364,107.175092526378,59.3598090537204,19.5177176399207,1.10236119606941,5.06992550499572,1.4349558546244,0.746620693179686,0.0471292281557735,0,0,0.00231020515572563,0.00292115673532507,6.03590599640034,0.0192063145483107,0,0.0988655895200642,0
"Sub4","d1","A","Ctl-S",3,455.951669007361,243.144485844182,507.467896535637,0.0452865957180869,43.2062776961954,8.9223070072353,71.6888861599009,42.0409467550674,0.125437524310807,0,0,0.00143623576043559,2.86807418244389,23.0733648669177,0.0148452452793732,0,0.124132836658541,0
"Sub4","d1","B","Ctl-S",3,616.982708393953,291.900840074868,565.504662476124,0,49.1442397662936,9.03994781126372,99.6311520772309,43.9996165272314,0.227867545478857,0,0,0,0.02100640447498,26.5591175677986,0.0180114376135248,0,0.177300917486243,0
"Sub4","d1","C","Ctl-S",3,530.59539418228,257.181332064084,524.909932126912,0,50.655478934529,9.3128598054318,109.121840920111,47.764093876938,0.221031927499453,0,0,0.00142853279902378,0.0224583287280829,24.4010317116124,0.0215536200114566,0,0.195173615194611,0
"Sub4","d2","A","Ctl-S",3,150.693434030759,357.784593538378,1027.78715549773,0.0963383359550742,102.566226392504,97.5009463786966,123.870294407129,68.6782577844962,4.0421234834368,0,0.00329701537007705,0.00107324065553999,6.79716747526979,50.8406185242846,0.0164445234369732,0,0.438713772506689,0
"Sub4","d2","B","Ctl-S",3,155.174925646247,355.108810116678,998.158499166315,0.461998290367098,65.4112754935897,55.1910041040846,119.956629018476,49.9947640244257,2.11547255407869,0.00571552352780103,0,0.0014389360266517,0.0561002779916778,27.8453955721316,0.0202276458582141,0,0.473199553706721,0
"Sub4","d2","C","Ctl-S",3,173.097027361605,367.44693792724,674.984463692554,0.421109044358958,102.127653543671,77.7819608603873,175.024118660692,66.7206728990301,4.9882101416141,0.00593956810750798,0,0.00320895967924981,0.109355688696056,54.1032595514158,0.021369868068292,0,0.586074381261098,0
"Sub4","d3","A","Ctl-S",3,253.519042712566,572.370620638818,1426.26573492139,2.24204818878633,157.977706530138,204.842326476675,158.516243246998,84.0715061893319,7.96415288141018,0,0.00825631259812885,0.00255272682624126,9.99543654488849,96.2940585824412,0.0152238088202868,0,0.316463279731788,0
"Sub4","d3","B","Ctl-S",3,295.508075733027,577.565640437588,1422.36757867259,0,269.481297387372,303.551000201892,308.965943984038,126.365183296635,13.9867990907548,0,0.0177530239281202,0.00902268948840046,0.285147549724814,157.51316697551,0.0177518899027825,0,0.15754727888358,0
"Sub4","d3","C","Ctl-S",3,237.204181232676,483.097250470528,1212.49194633256,0,175.060785250306,190.88465887968,240.717474128881,92.1826493873248,9.24804240188099,0.0101073602653458,0.0141728497312476,0.00590633894990402,0.193902918320964,93.7977807735838,0.0203306385316016,0,0.535391321654327,0
"Sub5","d0","A","Ctl-S",3,31.9309434321504,33.691763481369,0,17.0537145706844,1.20905690440001,1.59974715264861,1.58100373966287,0.507440100715525,0.234083754150086,0.00383438334732983,0,0,0,2.10920849312373,0.00146859780512036,0.00126277886096643,0.0379965839819557,0
"Sub5","d0","B","Ctl-S",3,29.4243855368567,31.8659180853151,0,14.685735320594,1.27017383343806,2.01441495895832,1.69454242381804,0.76274752058111,0.136426218822661,0.00606080188095623,0,0,0,2.94684379325581,0.00197062570848513,0,0.0307997981226745,0
"Sub5","d0","C","Ctl-S",3,30.4926138657061,39.2516883518833,0,15.7605601179437,1.37725500943106,2.20345352007638,2.17057134803985,0.837963436656433,0.0982223028982637,0,0,0,0,2.40831264979658,0.00301776807781743,0.00483779480549086,0.0478938427509104,0
"Sub5","d1","A","Ctl-S",3,1716.69240938815,192.615674777836,20.7898763349904,184.951410986712,3.47500360305558,2.19329902346037,5.97043242137826,5.16701484966575,0.130627238569519,0,0,0.00141278699676747,0.0231925800112549,39.7912632566332,0,0.0048597148152882,0.0429003192150925,0
"Sub5","d1","B","Ctl-S",3,1798.37590744993,163.232549782004,31.8698730049431,192.263911982339,3.35918186605961,1.54202997633361,4.99154759848454,3.85269574261935,0.0984732345415348,0.00182560705266826,0,0.00118926246407839,0.0147620395654457,27.1446302022085,0.00170669444355994,0,0.0405060914488881,0
"Sub5","d1","C","Ctl-S",3,1721.72332470697,171.439213123802,27.6135469027201,192.759464338967,3.16685850591726,1.58508670296618,5.70780092974507,4.05408351337291,0.0663426025418728,0,0,0.00174295622901347,0.0154562330235036,29.8489273061203,0.00320681515684448,0.00359915985526401,0.0409679183180744,0
"Sub5","d2","A","Ctl-S",3,1928.0774172394,224.481940850262,45.7733715954196,186.218721112048,4.37228800334014,2.87106639732108,8.24535655932142,5.56231064070634,0.255471118735983,0,0,0,0.0279402137947733,43.5787543844907,0.00216541041594515,0.00397594959668882,0.0419787009534383,0
"Sub5","d2","B","Ctl-S",3,1849.64786687351,177.988400588928,45.1815146468367,199.279748193654,3.80107543113601,2.20738336722037,6.94253617104613,3.86738382972973,0,0,0,0,0.0148622679946241,31.0646095664827,0.00168157268255082,0,0.0402661780790703,0
"Sub5","d2","C","Ctl-S",3,2056.47141744941,204.122297595897,16.842626753943,297.435344729358,4.20940609847488,2.15291149232269,6.46705791582023,4.18576697058369,0.274964539482053,0.00396483243732979,0,0,0.0231984883881382,23.0329034053295,0.00301485681578835,0.00478098868105551,0.0385730729888708,0
"Sub5","d3","A","Ctl-S",3,1572.12023342392,182.426986437421,41.14378974783,168.395585414802,2.98329745789332,2.13541285247495,5.78757216708974,3.63392783056268,0.0192875967179722,0,0,0,0.0190893779856838,25.5229693181264,0.00198236439617438,0.00304751123626505,0.0400913214112903,0
"Sub5","d3","B","Ctl-S",3,1707.92812204723,167.734405690949,12.1566405967944,255.853955673171,3.51002542252448,1.44152748159493,4.8122205870683,2.14681552335624,0.139250981002308,0.0013420543079529,0,0,0.0175926247349201,14.534972198445,0.00303902709928591,0.0012833774060155,0.0269178412296564,0
"Sub5","d3","C","Ctl-S",3,1399.14326515566,140.507017290887,3.2534498408715,206.2948098461,2.55682805547569,1.02906340077277,3.69071836631205,1.45057008325578,0.116899351558843,0.00448959689041831,0,0,0.0130476850353052,13.391081008347,0.00233353496195372,0.00120477351328027,0.0303811972128485,0
